Category,x,y,z
2021-12-15 18:24:42,"0,15544","0,11484","0,1498"
2021-12-15 18:24:44,"0,13997","0,12065","0,20557"
2021-12-15 18:24:47,"0,16678","0,12131","0,14626"
2021-12-15 18:24:49,"0,12508","0,12002","0,15345"
2021-12-15 18:24:52,"0,13631","0,16147","0,14106"
2021-12-15 18:24:54,"0,17208","0,12574","0,19186"
2021-12-15 18:24:56,"0,18171","0,14689","0,19236"
2021-12-15 18:24:59,"0,13116","0,11924","0,18495"
2021-12-15 18:25:01,"0,16545","0,11453","0,176"
2021-12-15 18:25:04,"0,13965","0,132","0,1691"
2021-12-15 18:25:06,"0,14475","0,12953","0,17048"
2021-12-15 18:25:08,"0,12143","0,1138","0,17488"
2021-12-15 18:25:10,"0,14939","0,11757","0,16073"
2021-12-15 18:25:12,"0,12584","0,1137","0,17425"
2021-12-15 18:25:15,"0,14951","0,13132","0,17355"
2021-12-15 18:25:17,"0,14958","0,12532","0,16471"
2021-12-15 18:25:20,"0,15087","0,12925","0,1729"
2021-12-15 18:25:22,"0,13797","0,12112","0,17588"
2021-12-15 18:25:24,"0,18875","0,13401","0,18767"
2021-12-15 18:25:26,"0,17335","0,09666","0,17197"
2021-12-15 18:25:29,"0,1818","0,1187","0,17074"
2021-12-15 18:25:31,"0,25823","0,17248","0,17483"
2021-12-15 18:25:33,"0,24889","0,13304","0,21562"
2021-12-15 18:25:36,"0,555","6,60745","0,23763"
2021-12-15 18:25:38,"0,2536","0,13751","0,19948"
2021-12-15 18:25:40,"0,59537","0,32441","0,32254"
2021-12-15 18:25:42,"1,07766","0,43969","0,73534"
2021-12-15 18:25:45,"0,44538","0,31247","0,32048"
2021-12-15 18:25:47,"0,76832","0,4177","1,04026"
2021-12-15 18:25:49,"0,55797","0,36701","0,52594"
2021-12-15 18:25:51,"0,68989","0,41389","0,81934"
2021-12-15 18:25:53,"0,70897","0,41571","0,6266"
2021-12-15 18:25:56,"0,81659","0,39912","0,85953"
2021-12-15 18:25:58,"0,45611","0,32962","0,47336"
2021-12-15 18:26:00,"0,71314","0,36595","0,9168"
2021-12-15 18:26:02,"0,70277","0,27298","0,39578"
2021-12-15 18:26:05,"0,83692","8,07994","0,44637"
2021-12-15 18:26:07,"0,19686","0,14147","0,15665"
2021-12-15 18:26:09,"0,16816","0,11629","0,18013"
2021-12-15 18:26:11,"0,1509","0,14418","0,14635"
2021-12-15 18:26:13,"0,16602","0,11822","0,16438"
2021-12-15 18:26:16,"0,16914","0,13472","0,18597"
2021-12-15 18:26:18,"0,16331","0,12788","0,15501"
2021-12-15 18:26:20,"0,17915","0,10105","0,18262"
2021-12-15 18:26:22,"0,1428","0,09795","0,19077"
2021-12-15 18:26:25,"0,1476","0,13371","0,19215"
2021-12-15 18:26:27,"0,18339","0,12716","0,17063"
2021-12-15 18:26:29,"0,17316","0,10548","0,17399"
2021-12-15 18:26:31,"0,1406","0,12157","0,13693"
2021-12-15 18:26:33,"0,17446","0,12113","0,21529"
2021-12-15 18:26:36,"0,1455","0,12211","0,13376"
2021-12-15 18:26:38,"0,13232","0,14775","0,17966"
2021-12-15 18:26:40,"0,13727","0,12595","0,16217"
2021-12-15 18:26:42,"0,17058","0,10333","0,15563"
2021-12-15 18:26:45,"0,19967","0,16586","0,17162"
2021-12-15 18:26:47,"0,12574","0,1053","0,21958"
2021-12-15 18:26:50,"0,14548","0,14967","0,15333"
2021-12-15 18:26:52,"0,16111","0,16732","0,15318"
2021-12-15 18:26:54,"0,19138","0,15701","0,14335"
2021-12-15 18:26:56,"0,13712","0,12563","0,15167"
2021-12-15 18:26:59,"0,18463","0,12922","0,16329"
2021-12-15 18:27:01,"0,17017","0,11815","0,14226"
2021-12-15 18:27:03,"0,14738","0,1578","0,13993"
2021-12-15 18:27:06,"0,17067","0,13627","0,18617"
2021-12-15 18:27:08,"0,14331","0,13499","0,19319"
2021-12-15 18:27:10,"0,15219","0,12612","0,20499"
2021-12-15 18:27:12,"0,20357","0,12303","0,18089"
2021-12-15 18:27:15,"0,18854","0,11941","0,18559"
2021-12-15 18:27:17,"0,14918","0,15881","0,15276"
2021-12-15 18:27:20,"0,17618","0,11403","0,18027"
2021-12-15 18:27:22,"0,18131","0,13286","0,16895"
2021-12-15 18:27:24,"0,18627","0,13726","0,1982"
2021-12-15 18:27:26,"0,17028","0,12452","0,13695"
2021-12-15 18:27:28,"0,14416","0,12122","0,16315"
2021-12-15 18:27:31,"0,16193","0,16216","0,17115"
2021-12-15 18:27:33,"0,17385","0,13584","0,15927"
2021-12-15 18:27:36,"0,16489","0,12424","0,16527"
2021-12-15 18:27:38,"0,19488","0,14432","0,14654"
2021-12-15 18:27:40,"0,14902","0,12056","0,13902"
2021-12-15 18:27:42,"0,14844","0,12407","0,12914"
2021-12-15 18:27:45,"0,16027","0,1092","0,16697"
2021-12-15 18:27:47,"0,16751","0,14337","0,18869"
2021-12-15 18:27:49,"0,18455","0,11558","0,19233"
2021-12-15 18:27:51,"0,15463","0,13822","0,169"
2021-12-15 18:27:54,"0,1362","0,12638","0,15958"
2021-12-15 18:27:56,"0,18275","0,14379","0,19096"
2021-12-15 18:27:58,"0,20754","0,13513","0,1263"
2021-12-15 18:28:01,"0,18307","0,12365","0,16121"
2021-12-15 18:28:03,"0,14274","0,108","0,17134"
2021-12-15 18:28:05,"0,15826","0,14232","0,16937"
2021-12-15 18:28:07,"0,16643","0,11352","0,16264"
2021-12-15 18:28:10,"0,16028","0,0975","0,15678"
2021-12-15 18:28:12,"0,1305","0,10258","0,17782"
2021-12-15 18:28:14,"0,14396","0,14001","0,16809"
2021-12-15 18:28:16,"0,18281","0,13812","0,15419"
2021-12-15 18:28:19,"0,17001","0,1275","0,15624"
2021-12-15 18:28:21,"0,14944","0,12281","0,11816"
2021-12-15 18:28:23,"0,15281","0,09084","0,16301"
2021-12-15 18:28:25,"0,1707","0,12817","0,17862"
2021-12-15 18:28:27,"0,14036","0,11988","0,2196"
2021-12-15 18:28:29,"0,18336","0,1067","0,14239"
2021-12-15 18:28:31,"0,15692","0,11858","0,18404"
2021-12-15 18:28:34,"0,16592","0,13949","0,12252"
2021-12-15 18:28:36,"0,19054","0,14527","0,17134"
2021-12-15 18:28:38,"0,16286","0,11945","0,17272"
2021-12-15 18:28:41,"0,12062","0,13554","0,13889"
2021-12-15 18:28:43,"0,1749","0,11579","0,17793"
2021-12-15 18:28:45,"0,14335","0,11628","0,11418"
2021-12-15 18:28:48,"0,15673","0,15038","0,19558"
2021-12-15 18:28:50,"0,17367","0,15098","0,14405"
2021-12-15 18:28:52,"0,15727","0,11862","0,17721"
2021-12-15 18:28:55,"0,18567","0,11489","0,19361"
2021-12-15 18:28:57,"0,18395","0,12447","0,15432"
2021-12-15 18:28:59,"0,18547","0,1197","0,18163"
2021-12-15 18:29:01,"0,18063","0,1124","0,16479"
2021-12-15 18:29:03,"0,17012","0,16835","0,15453"
2021-12-15 18:29:06,"0,15921","0,13809","0,15437"
2021-12-15 18:29:08,"0,17184","0,09087","0,15326"
2021-12-15 18:29:10,"0,1318","0,13352","0,23119"
2021-12-15 18:29:12,"0,1412","0,12344","0,17402"
2021-12-15 18:29:15,"0,17105","0,11048","0,16"
2021-12-15 18:29:17,"0,15015","0,11522","0,13963"
2021-12-15 18:29:19,"0,16008","0,13553","0,15772"
2021-12-15 18:29:21,"0,17044","0,13954","0,17704"
2021-12-15 18:29:24,"0,15186","0,10999","0,1866"
2021-12-15 18:29:26,"0,21385","0,13478","0,17323"
2021-12-15 18:29:28,"0,17133","0,1091","0,19629"
2021-12-15 18:29:31,"0,18875","0,12275","0,17566"
2021-12-15 18:29:33,"0,16913","0,12982","0,16759"
2021-12-15 18:29:35,"0,17067","0,15166","0,1701"
2021-12-15 18:29:37,"0,1603","0,11012","0,18672"
2021-12-15 18:29:40,"0,21555","0,15812","0,14767"
2021-12-15 18:29:42,"0,16313","0,15535","0,16616"
2021-12-15 18:29:44,"0,15095","0,13111","0,19367"
2021-12-15 18:29:46,"0,16528","0,14859","0,19125"
2021-12-15 18:29:49,"0,15812","0,13344","0,18079"
2021-12-15 18:29:51,"0,17171","0,14108","0,19878"
2021-12-15 18:29:53,"0,16178","0,16314","0,15318"
2021-12-15 18:29:55,"0,20219","0,12296","0,18864"
2021-12-15 18:29:57,"0,16677","0,15054","0,15782"
2021-12-15 18:30:00,"0,13878","0,11029","0,15839"
2021-12-15 18:30:02,"0,15087","0,13239","0,1607"
2021-12-15 18:30:04,"0,19208","0,11644","0,15542"
2021-12-15 18:30:06,"0,16206","0,10492","0,19895"
2021-12-15 18:30:09,"0,15131","0,09561","0,15794"
2021-12-15 18:30:11,"0,14015","0,11105","0,1618"
2021-12-15 18:30:13,"0,16272","0,1609","0,19015"
2021-12-15 18:30:16,"0,16442","0,13099","0,16505"
2021-12-15 18:30:19,"0,15768","0,10943","0,16733"
2021-12-15 18:30:21,"0,16576","0,1047","0,19703"
2021-12-15 18:30:23,"0,18835","0,15118","0,19935"
2021-12-15 18:30:25,"0,17271","0,12075","0,18248"
2021-12-15 18:30:27,"0,14523","0,15829","0,1423"
2021-12-15 18:30:29,"0,15622","0,10518","0,17477"
2021-12-15 18:30:31,"0,12829","0,1174","0,1419"
2021-12-15 18:30:33,"0,15614","0,13554","0,13271"
2021-12-15 18:30:36,"0,16163","0,13363","0,15565"
2021-12-15 18:30:38,"0,1312","0,12147","0,1943"
2021-12-15 18:30:41,"0,1785","0,12925","0,18916"
2021-12-15 18:30:44,"0,17806","0,11647","0,14574"
2021-12-15 18:30:46,"0,17059","0,143","0,17101"
2021-12-15 18:30:48,"0,15226","0,10138","0,1558"
2021-12-15 18:30:50,"0,16984","0,12614","0,16757"
2021-12-15 18:30:53,"0,14787","0,12917","0,18224"
2021-12-15 18:30:55,"0,14847","0,1489","0,1867"
2021-12-15 18:30:57,"0,17264","0,12714","0,15809"
2021-12-15 18:30:59,"0,13978","0,16862","0,15349"
2021-12-15 18:31:01,"0,17257","0,12444","0,16407"
2021-12-15 18:31:04,"0,1725","0,10615","0,19511"
2021-12-15 18:31:06,"0,1575","0,11428","0,14473"
2021-12-15 18:31:09,"0,13992","0,13615","0,15599"
2021-12-15 18:31:11,"0,1677","0,14544","0,22561"
2021-12-15 18:31:13,"0,16964","0,12773","0,16828"
2021-12-15 18:31:15,"0,16166","0,14077","0,14537"
2021-12-15 18:31:17,"0,16551","0,1319","0,13392"
2021-12-15 18:31:20,"0,20378","0,12842","0,18424"
2021-12-15 18:31:22,"0,15426","0,11529","0,17738"
2021-12-15 18:31:24,"0,15748","0,15175","0,15752"
2021-12-15 18:31:26,"0,17243","0,16915","0,21538"
2021-12-15 18:31:29,"0,15772","0,14186","0,149"
2021-12-15 18:31:31,"0,16872","0,11285","0,17468"
2021-12-15 18:31:34,"0,16398","0,11583","0,21475"
2021-12-15 18:31:36,"0,15753","0,15907","0,13138"
2021-12-15 18:31:38,"0,18104","0,11795","0,20805"
2021-12-15 18:31:40,"0,16898","0,12434","0,1935"
2021-12-15 18:31:43,"0,18429","0,14074","0,20071"
2021-12-15 18:31:45,"0,15367","0,111","0,13297"
2021-12-15 18:31:47,"0,17908","0,12888","0,18672"
2021-12-15 18:31:50,"0,18736","0,12048","0,12184"
2021-12-15 18:31:52,"0,14934","0,12656","0,17686"
2021-12-15 18:31:55,"0,17835","0,12792","0,15317"
2021-12-15 18:31:57,"0,14689","0,1608","0,18002"
2021-12-15 18:31:59,"0,15227","0,12229","0,15981"
2021-12-15 18:32:02,"0,16936","0,13202","0,17835"
2021-12-15 18:32:04,"0,14922","0,12973","0,14018"
2021-12-15 18:32:06,"0,18188","0,15031","0,16788"
2021-12-15 18:32:09,"0,18288","0,11322","0,16487"
2021-12-15 18:32:11,"0,13784","0,11082","0,15966"
2021-12-15 18:32:13,"0,1273","0,12258","0,19278"
2021-12-15 18:32:15,"0,15748","0,11239","0,21492"
2021-12-15 18:32:17,"0,16886","0,14568","0,15001"
2021-12-15 18:32:19,"0,17915","0,1149","0,16339"
2021-12-15 18:32:21,"0,1951","0,12586","0,18813"
2021-12-15 18:32:23,"0,18613","0,14799","0,14888"
2021-12-15 18:32:25,"0,17442","0,12474","0,19265"
2021-12-15 18:32:27,"0,19385","0,12968","0,21308"
2021-12-15 18:32:30,"0,16268","0,1479","0,21273"
2021-12-15 18:32:32,"0,14892","0,12571","0,18544"
2021-12-15 18:32:35,"0,15497","0,10905","0,15037"
2021-12-15 18:32:37,"0,13662","0,12933","0,15834"
2021-12-15 18:32:39,"0,16187","0,1328","0,16888"
2021-12-15 18:32:42,"0,13817","0,13273","0,19149"
2021-12-15 18:32:44,"0,16492","0,11043","0,15179"
2021-12-15 18:32:46,"0,18057","0,13418","0,14416"
2021-12-15 18:32:48,"0,18816","0,10443","0,16145"
2021-12-15 18:32:51,"0,17013","0,12859","0,14049"
2021-12-15 18:32:54,"0,16079","0,14445","0,17054"
2021-12-15 18:32:56,"0,14408","0,13544","0,12749"
2021-12-15 18:32:58,"0,20482","0,12164","0,16363"
2021-12-15 18:33:01,"0,18379","0,13167","0,18349"
2021-12-15 18:33:03,"0,15905","0,13022","0,18129"
2021-12-15 18:33:06,"0,16199","0,11525","0,19024"
2021-12-15 18:33:08,"0,13886","0,10997","0,15966"
2021-12-15 18:33:10,"0,15861","0,12643","0,16776"
2021-12-15 18:33:13,"0,18529","0,18818","0,16338"
2021-12-15 18:33:15,"0,1441","0,12351","0,17312"
2021-12-15 18:33:18,"0,19227","0,12072","0,16807"
2021-12-15 18:33:20,"0,16033","0,09555","0,17023"
2021-12-15 18:33:22,"0,16008","0,12349","0,191"
2021-12-15 18:33:25,"0,16311","0,14032","0,15048"
2021-12-15 18:33:27,"0,17928","0,13596","0,12527"
2021-12-15 18:33:29,"0,17448","0,12902","0,12317"
2021-12-15 18:33:31,"0,16211","0,13327","0,1795"
2021-12-15 18:33:34,"0,1672","0,1171","0,15948"
2021-12-15 18:33:36,"0,13881","0,10962","0,18765"
2021-12-15 18:33:38,"0,15323","0,12849","0,2088"
2021-12-15 18:33:40,"0,12812","0,14458","0,15814"
2021-12-15 18:33:43,"0,15229","0,14136","0,14077"
2021-12-15 18:33:45,"0,15223","0,11917","0,15013"
2021-12-15 18:33:47,"0,15351","0,12347","0,17937"
2021-12-15 18:33:49,"0,17234","0,14458","0,16776"
2021-12-15 18:33:51,"0,13441","0,12397","0,14619"
2021-12-15 18:33:54,"0,14655","0,10725","0,15006"
2021-12-15 18:33:56,"0,16961","0,11125","0,15019"
2021-12-15 18:33:58,"0,17531","0,1226","0,13479"
2021-12-15 18:34:00,"0,12845","0,14171","0,14736"
2021-12-15 18:34:02,"0,15981","0,13268","0,17933"
2021-12-15 18:34:05,"0,15135","0,13445","0,17447"
2021-12-15 18:34:07,"0,13585","0,12379","0,16931"
2021-12-15 18:34:09,"0,17055","0,12245","0,15889"
2021-12-15 18:34:11,"0,16169","0,1199","0,20301"
2021-12-15 18:34:14,"0,15391","0,13098","0,14635"
2021-12-15 18:34:16,"0,1766","0,15587","0,17191"
2021-12-15 18:34:18,"0,16494","0,12568","0,14124"
2021-12-15 18:34:20,"0,16998","0,14411","0,16213"
2021-12-15 18:34:22,"0,17852","0,13332","0,16267"
2021-12-15 18:34:25,"0,17153","0,15627","0,1455"
2021-12-15 18:34:27,"0,16008","0,10171","0,17214"
2021-12-15 18:34:29,"0,15737","0,11173","0,16998"
2021-12-15 18:34:31,"0,17664","0,12392","0,17678"
2021-12-15 18:34:33,"0,15815","0,12328","0,17637"
2021-12-15 18:34:36,"0,14748","0,15423","0,13054"
2021-12-15 18:34:38,"0,13696","0,13855","0,17842"
2021-12-15 18:34:41,"0,1712","0,12412","0,15623"
2021-12-15 18:34:43,"0,13604","0,12739","0,17484"
2021-12-15 18:34:45,"0,18185","0,10604","0,18833"
2021-12-15 18:34:47,"0,17681","0,11542","0,12236"
2021-12-15 18:34:50,"0,15671","0,1296","0,2257"
2021-12-15 18:34:52,"0,12763","0,14701","0,15231"
2021-12-15 18:34:54,"0,13318","0,11797","0,17756"
2021-12-15 18:34:56,"0,15276","0,11287","0,18994"
2021-12-15 18:34:58,"0,16319","0,1386","0,16669"
2021-12-15 18:35:00,"0,14997","0,13124","0,1481"
2021-12-15 18:35:02,"0,18483","0,11103","0,12655"
2021-12-15 18:35:05,"0,15916","0,14713","0,21116"
2021-12-15 18:35:07,"0,14556","0,1113","0,12866"
2021-12-15 18:35:10,"0,16371","0,13613","0,20955"
2021-12-15 18:35:12,"0,17906","0,11259","0,17133"
2021-12-15 18:35:15,"0,16096","0,12241","0,17799"
2021-12-15 18:35:17,"0,14647","0,13202","0,1752"
2021-12-15 18:35:19,"0,17344","0,13271","0,14919"
2021-12-15 18:35:21,"0,15574","0,15089","0,17894"
2021-12-15 18:35:24,"0,14631","0,11766","0,19837"
2021-12-15 18:35:26,"0,1207","0,10051","0,17349"
2021-12-15 18:35:29,"0,1826","0,12906","0,193"
2021-12-15 18:35:31,"0,16055","0,13199","0,17213"
2021-12-15 18:35:33,"0,1447","0,1351","0,18109"
2021-12-15 18:35:35,"0,18439","0,14609","0,18214"
2021-12-15 18:35:37,"0,17824","0,14913","0,12066"
2021-12-15 18:35:40,"0,16283","0,12476","0,14936"
2021-12-15 18:35:42,"0,1605","0,12612","0,16857"
2021-12-15 18:35:44,"0,17694","0,1278","0,16006"
2021-12-15 18:35:46,"0,18719","0,11372","0,16981"
2021-12-15 18:35:49,"0,12898","0,12871","0,19923"
2021-12-15 18:35:51,"0,14601","0,11924","0,18905"
2021-12-15 18:35:53,"0,17077","0,13999","0,1516"
2021-12-15 18:35:56,"0,14218","0,13053","0,16097"
2021-12-15 18:35:59,"0,16084","0,12048","0,14919"
2021-12-15 18:36:01,"0,14222","0,1111","0,17732"
2021-12-15 18:36:03,"0,16617","0,11654","0,17643"
2021-12-15 18:36:05,"0,14797","0,15824","0,13231"
2021-12-15 18:36:07,"0,21246","0,11726","0,14821"
2021-12-15 18:36:09,"0,1251","0,11778","0,17025"
2021-12-15 18:36:11,"0,17485","0,10254","0,25034"
2021-12-15 18:36:13,"0,15002","0,10021","0,16664"
2021-12-15 18:36:16,"0,17509","0,10037","0,14125"
2021-12-15 18:36:18,"0,1555","0,14103","0,15986"
2021-12-15 18:36:20,"0,16197","0,10069","0,1577"
2021-12-15 18:36:22,"0,14128","0,13096","0,19164"
2021-12-15 18:36:24,"0,12284","0,14406","0,1685"
2021-12-15 18:36:26,"0,17451","0,11062","0,15542"
2021-12-15 18:36:28,"0,16462","0,14129","0,13413"
2021-12-15 18:36:31,"0,1701","0,17786","0,17232"
2021-12-15 18:36:33,"0,18627","0,13616","0,1254"
2021-12-15 18:36:35,"0,18622","0,13822","0,12669"
2021-12-15 18:36:37,"0,17139","0,13345","0,18417"
2021-12-15 18:36:40,"0,14938","0,10139","0,15181"
2021-12-15 18:36:42,"0,13685","0,11444","0,1697"
2021-12-15 18:36:45,"0,1428","0,12686","0,17282"
2021-12-15 18:36:47,"0,16561","0,1241","0,16004"
2021-12-15 18:36:49,"0,14308","0,10789","0,14424"
2021-12-15 18:36:51,"0,15976","0,11044","0,14769"
2021-12-15 18:36:54,"0,14498","0,12822","0,14467"
2021-12-15 18:36:56,"0,16329","0,12686","0,16093"
2021-12-15 18:36:58,"0,15751","0,12879","0,17147"
2021-12-15 18:37:00,"0,19003","0,1187","0,16832"
2021-12-15 18:37:02,"0,16944","0,18893","0,13901"
2021-12-15 18:37:04,"0,13818","0,13338","0,15084"
2021-12-15 18:37:06,"0,19779","0,12415","0,17061"
2021-12-15 18:37:09,"0,17379","0,10999","0,2045"
2021-12-15 18:37:11,"0,13598","0,12434","0,16149"
2021-12-15 18:37:13,"0,15753","0,12512","0,17076"
2021-12-15 18:37:15,"0,15351","0,14173","0,13409"
2021-12-15 18:37:18,"0,14693","0,13998","0,14101"
2021-12-15 18:37:20,"0,13338","0,13398","0,14591"
2021-12-15 18:37:22,"0,12242","0,12173","0,14738"
2021-12-15 18:37:24,"0,15544","0,13131","0,14831"
2021-12-15 18:37:26,"0,19399","0,1676","0,15479"
2021-12-15 18:37:29,"0,16138","0,11234","0,15531"
2021-12-15 18:37:31,"0,1256","0,13911","0,15619"
2021-12-15 18:37:33,"0,14083","0,12475","0,16678"
2021-12-15 18:37:35,"0,14397","0,12026","0,20631"
2021-12-15 18:37:37,"0,18342","0,18404","0,23044"
2021-12-15 18:37:40,"0,15759","0,16105","0,2008"
2021-12-15 18:37:42,"0,1487","0,12785","0,15624"
2021-12-15 18:37:44,"0,14796","0,13989","0,14202"
2021-12-15 18:37:46,"0,14708","0,12702","0,16671"
2021-12-15 18:37:49,"0,12609","0,11059","0,15398"
2021-12-15 18:37:51,"0,1667","0,11902","0,14143"
2021-12-15 18:37:53,"0,15495","0,1333","0,12657"
2021-12-15 18:37:55,"0,16792","0,11323","0,20074"
2021-12-15 18:37:57,"0,12775","0,12726","0,19028"
2021-12-15 18:38:00,"0,16258","0,16166","0,13199"
2021-12-15 18:38:02,"0,14614","0,14614","0,18572"
2021-12-15 18:38:04,"0,16603","0,09671","0,16214"
2021-12-15 18:38:07,"0,15617","0,14099","0,169"
2021-12-15 18:38:10,"0,15162","0,14001","0,20036"
2021-12-15 18:38:12,"0,22635","0,09848","0,17653"
2021-12-15 18:38:14,"0,13872","0,12477","0,17685"
2021-12-15 18:38:16,"0,16611","0,16922","0,1551"
2021-12-15 18:38:19,"0,18319","0,14466","0,16188"
2021-12-15 18:38:21,"0,16366","0,14279","0,16283"
2021-12-15 18:38:23,"0,14919","0,108","0,16339"
2021-12-15 18:38:25,"0,15299","0,13737","0,20952"
2021-12-15 18:38:27,"0,16531","0,165","0,15721"
2021-12-15 18:38:29,"0,14372","0,13234","0,18047"
2021-12-15 18:38:32,"0,17227","0,11263","0,1499"
2021-12-15 18:38:34,"0,14006","0,15028","0,18561"
2021-12-15 18:38:36,"0,18473","0,11813","0,17832"
2021-12-15 18:38:38,"0,16458","0,14112","0,13236"
2021-12-15 18:38:41,"0,15938","0,12067","0,16505"
2021-12-15 18:38:43,"0,13223","0,13389","0,14114"
2021-12-15 18:38:45,"0,16729","0,11311","0,13272"
2021-12-15 18:38:47,"0,17558","0,11298","0,16162"
2021-12-15 18:38:50,"0,1845","0,13007","0,19998"
2021-12-15 18:38:52,"0,17051","0,1128","0,15201"
2021-12-15 18:38:55,"0,1681","0,11162","0,13327"
2021-12-15 18:38:57,"0,1629","0,12995","0,14579"
2021-12-15 18:38:59,"0,15847","0,13428","0,15582"
2021-12-15 18:39:01,"0,15949","0,11699","0,18201"
2021-12-15 18:39:04,"0,14693","0,11916","0,14159"
2021-12-15 18:39:06,"0,14472","0,12875","0,15683"
2021-12-15 18:39:08,"0,15406","0,10827","0,1807"
2021-12-15 18:39:10,"0,13331","0,12597","0,1546"
2021-12-15 18:39:12,"0,15254","0,12518","0,14693"
2021-12-15 18:39:14,"0,20546","0,15524","0,17453"
2021-12-15 18:39:16,"0,14807","0,1353","0,16218"
2021-12-15 18:39:18,"0,12071","0,12271","0,17458"
2021-12-15 18:39:21,"0,19639","0,12652","0,17492"
2021-12-15 18:39:23,"0,1529","0,10859","0,13173"
2021-12-15 18:39:26,"0,12226","0,12247","0,21307"
2021-12-15 18:39:28,"0,14576","0,13806","0,12237"
2021-12-15 18:39:30,"0,12873","0,14163","0,17093"
2021-12-15 18:39:32,"0,15337","0,12738","0,17127"
2021-12-15 18:39:34,"0,15186","0,1093","0,13657"
2021-12-15 18:39:37,"0,15224","0,15861","0,1307"
2021-12-15 18:39:39,"0,13902","0,12603","0,17372"
2021-12-15 18:39:41,"0,13391","0,11275","0,14786"
2021-12-15 18:39:44,"0,15827","0,12062","0,14514"
2021-12-15 18:39:46,"0,17525","0,10307","0,18187"
2021-12-15 18:39:48,"0,19541","0,13219","0,17275"
2021-12-15 18:39:51,"0,16125","0,13763","0,19305"
2021-12-15 18:39:54,"0,15692","0,13569","0,2176"
2021-12-15 18:39:56,"0,15561","0,11325","0,19548"
2021-12-15 18:39:58,"0,1385","0,11381","0,14243"
2021-12-15 18:40:00,"0,14965","0,14692","0,19983"
2021-12-15 18:40:02,"0,13381","0,14079","0,16626"
2021-12-15 18:40:04,"0,16983","0,14058","0,19186"
2021-12-15 18:40:06,"0,18563","0,12901","0,17908"
2021-12-15 18:40:08,"0,19435","0,20744","0,18179"
2021-12-15 18:40:11,"0,16397","0,12779","0,14169"
2021-12-15 18:40:13,"0,14885","0,10276","0,19778"
2021-12-15 18:40:15,"0,14533","0,12497","0,18096"
2021-12-15 18:40:17,"0,15058","0,10466","0,20675"
2021-12-15 18:40:19,"0,17352","0,12085","0,1711"
2021-12-15 18:40:21,"0,13016","0,12407","0,17359"
2021-12-15 18:40:24,"0,19051","0,13897","0,15153"
2021-12-15 18:40:26,"0,14335","0,1189","0,15532"
2021-12-15 18:40:28,"0,14662","0,14316","0,18974"
2021-12-15 18:40:30,"0,1432","0,12613","0,17979"
2021-12-15 18:40:32,"0,15507","0,11254","0,15976"
2021-12-15 18:40:34,"0,14728","0,12782","0,14924"
2021-12-15 18:40:36,"0,18126","0,10806","0,15847"
2021-12-15 18:40:39,"0,15441","0,12021","0,16445"
2021-12-15 18:40:41,"0,16602","0,1086","0,16054"
2021-12-15 18:40:44,"0,18519","0,13938","0,1334"
2021-12-15 18:40:46,"0,13359","0,13671","0,22199"
2021-12-15 18:40:48,"0,15299","0,1484","0,17186"
2021-12-15 18:40:51,"0,13159","0,14781","0,23305"
2021-12-15 18:40:53,"0,14071","0,1579","0,18065"
2021-12-15 18:40:55,"0,14819","0,13118","0,21783"
2021-12-15 18:40:57,"0,19288","0,13152","0,17567"
2021-12-15 18:40:59,"0,1675","0,11056","0,17183"
2021-12-15 18:41:01,"0,14681","0,12297","0,16933"
2021-12-15 18:41:04,"0,17175","0,14321","0,17381"
2021-12-15 18:41:06,"0,15666","0,1647","0,13903"
2021-12-15 18:41:08,"0,17079","0,11891","0,1604"
2021-12-15 18:41:10,"0,15616","0,11206","0,21728"
2021-12-15 18:41:12,"0,16651","0,12237","0,18144"
2021-12-15 18:41:14,"0,16079","0,11332","0,15717"
2021-12-15 18:41:16,"0,14355","0,10671","0,14317"
2021-12-15 18:41:18,"0,13602","0,13951","0,16627"
2021-12-15 18:41:21,"0,14317","0,13221","0,15551"
2021-12-15 18:41:23,"0,14405","0,14621","0,17679"
2021-12-15 18:41:26,"0,18485","0,13001","0,16938"
2021-12-15 18:41:28,"0,1409","0,13551","0,22105"
2021-12-15 18:41:31,"0,19788","0,11127","0,19229"
2021-12-15 18:41:33,"0,16586","0,11139","0,18555"
2021-12-15 18:41:35,"0,16281","0,15186","0,12718"
2021-12-15 18:41:37,"0,13439","0,16227","0,17204"
2021-12-15 18:41:39,"0,18819","0,12902","0,17663"
2021-12-15 18:41:41,"0,17978","0,13765","0,18717"
2021-12-15 18:41:44,"0,17456","0,12081","0,14308"
2021-12-15 18:41:46,"0,16941","0,12289","0,16891"
2021-12-15 18:41:49,"0,15563","0,13133","0,19467"
2021-12-15 18:41:51,"0,18315","0,14174","0,1743"
2021-12-15 18:41:53,"0,15112","0,14966","0,20972"
2021-12-15 18:41:55,"0,21953","0,14978","0,16567"
2021-12-15 18:41:57,"0,16469","0,11087","0,15726"
2021-12-15 18:41:59,"0,1692","0,12827","0,14299"
2021-12-15 18:42:02,"0,16628","0,15316","0,15482"
2021-12-15 18:42:04,"0,12735","0,13172","0,12769"
2021-12-15 18:42:06,"0,16229","0,11156","0,15302"
2021-12-15 18:42:08,"0,16495","0,11443","0,16271"
2021-12-15 18:42:11,"0,15046","0,11971","0,20826"
2021-12-15 18:42:13,"0,1886","0,12426","0,15472"
2021-12-15 18:42:15,"0,17527","0,12687","0,19179"
2021-12-15 18:42:17,"0,15141","0,13152","0,15853"
2021-12-15 18:42:19,"0,19264","0,14662","0,12824"
2021-12-15 18:42:21,"0,14453","0,14546","0,18028"
2021-12-15 18:42:23,"0,15343","0,11738","0,18466"
2021-12-15 18:42:26,"0,17028","0,18245","0,16738"
2021-12-15 18:42:28,"0,21738","0,12104","0,13115"
2021-12-15 18:42:30,"0,15139","0,13321","0,14465"
2021-12-15 18:42:32,"0,17039","0,11708","0,1854"
2021-12-15 18:42:35,"0,16711","0,13148","0,14966"
2021-12-15 18:42:37,"0,13668","0,1194","0,1668"
2021-12-15 18:42:39,"0,184","0,10166","0,20334"
2021-12-15 18:42:42,"0,14248","0,10705","0,16718"
2021-12-15 18:42:44,"0,14313","0,10266","0,13148"
2021-12-15 18:42:47,"0,17547","0,13036","0,16714"
2021-12-15 18:42:49,"0,15996","0,13051","0,17925"
2021-12-15 18:42:51,"0,16164","0,14418","0,14942"
2021-12-15 18:42:53,"0,15137","0,11866","0,15657"
2021-12-15 18:42:56,"0,14091","0,12009","0,16249"
2021-12-15 18:42:58,"0,16992","0,11731","0,17883"
2021-12-15 18:43:01,"0,15071","0,12777","0,14431"
2021-12-15 18:43:03,"0,15734","0,11135","0,19413"
2021-12-15 18:43:05,"0,15663","0,15534","0,15594"
2021-12-15 18:43:07,"0,17063","0,10697","0,20005"
2021-12-15 18:43:10,"0,13132","0,1028","0,12566"
2021-12-15 18:43:12,"0,13834","0,11504","0,19263"
2021-12-15 18:43:14,"0,19353","0,10712","0,1803"
2021-12-15 18:43:16,"0,16982","0,10344","0,17784"
2021-12-15 18:43:18,"0,15717","0,09879","0,17499"
2021-12-15 18:43:21,"0,16751","0,12772","0,15253"
2021-12-15 18:43:23,"0,17502","0,15616","0,20767"
2021-12-15 18:43:26,"0,16595","0,13693","0,15017"
2021-12-15 18:43:28,"0,17348","0,11445","0,17785"
2021-12-15 18:43:30,"0,17316","0,12529","0,16072"
2021-12-15 18:43:32,"0,16569","0,15497","0,13023"
2021-12-15 18:43:35,"0,15938","0,12811","0,23414"
2021-12-15 18:43:37,"0,14485","0,13184","0,16339"
2021-12-15 18:43:39,"0,17004","0,12632","0,18643"
2021-12-15 18:43:41,"0,1456","0,13356","0,16833"
2021-12-15 18:43:44,"0,16423","0,10868","0,17846"
2021-12-15 18:43:46,"0,13729","0,15588","0,14027"
2021-12-15 18:43:48,"0,16746","0,14896","0,14178"
2021-12-15 18:43:51,"0,17856","0,11918","0,16547"
2021-12-15 18:43:53,"0,17243","0,1428","0,17024"
2021-12-15 18:43:56,"0,16835","0,12781","0,16704"
2021-12-15 18:43:58,"0,15493","0,12113","0,15396"
2021-12-15 18:44:01,"0,13757","0,10278","0,17534"
2021-12-15 18:44:03,"0,1785","0,14163","0,13718"
2021-12-15 18:44:05,"0,17313","0,1122","0,19182"
2021-12-15 18:44:07,"0,16032","0,14987","0,16274"
2021-12-15 18:44:10,"0,1313","0,14338","0,22228"
2021-12-15 18:44:12,"0,1554","0,12582","0,1559"
2021-12-15 18:44:14,"0,17223","0,09379","0,15064"
2021-12-15 18:44:17,"0,17813","0,11828","0,16592"
2021-12-15 18:44:19,"0,18033","0,18451","0,18006"
2021-12-15 18:44:21,"0,12349","0,1385","0,13907"
2021-12-15 18:44:23,"0,17016","0,13902","0,20568"
2021-12-15 18:44:25,"0,15491","0,1273","0,14175"
2021-12-15 18:44:27,"0,16482","0,13801","0,1347"
2021-12-15 18:44:30,"0,14224","0,13581","0,15079"
2021-12-15 18:44:32,"0,18651","0,13143","0,18256"
2021-12-15 18:44:34,"0,16144","0,11689","0,17003"
2021-12-15 18:44:36,"0,14905","0,12278","0,18225"
2021-12-15 18:44:38,"0,14267","0,1176","0,16314"
2021-12-15 18:44:40,"0,18288","0,13623","0,16146"
2021-12-15 18:44:42,"0,18504","0,15588","0,17639"
2021-12-15 18:44:44,"0,15442","0,12697","0,1799"
2021-12-15 18:44:47,"0,18693","0,13223","0,17074"
2021-12-15 18:44:49,"0,16086","0,10103","0,18367"
2021-12-15 18:44:52,"0,16763","0,12948","0,19867"
2021-12-15 18:44:54,"0,1821","0,13267","0,14597"
2021-12-15 18:44:56,"0,17617","0,10578","0,14418"
2021-12-15 18:44:58,"0,20205","0,12585","0,12253"
2021-12-15 18:45:01,"0,14596","0,098","0,13531"
2021-12-15 18:45:03,"0,13201","0,13018","0,17471"
2021-12-15 18:45:05,"0,15526","0,13961","0,15514"
2021-12-15 18:45:08,"0,16559","0,10576","0,20039"
2021-12-15 18:45:10,"0,17784","0,13686","0,19344"
2021-12-15 18:45:12,"0,10575","0,13908","0,15778"
2021-12-15 18:45:14,"0,13765","0,15592","0,1916"
2021-12-15 18:45:17,"0,17897","0,11855","0,18"
2021-12-15 18:45:19,"0,12642","0,12363","0,15012"
2021-12-15 18:45:21,"0,17568","0,1062","0,14633"
2021-12-15 18:45:24,"0,17181","0,11585","0,14715"
2021-12-15 18:45:26,"0,18485","0,11251","0,12993"
2021-12-15 18:45:28,"0,14465","0,11377","0,1596"
2021-12-15 18:45:31,"0,12896","0,10541","0,15503"
2021-12-15 18:45:33,"0,18192","0,15156","0,15134"
2021-12-15 18:45:35,"0,12838","0,14421","0,18784"
2021-12-15 18:45:37,"0,16412","0,14706","0,13271"
2021-12-15 18:45:40,"0,19646","0,09608","0,14782"
2021-12-15 18:45:42,"0,15526","0,12017","0,1832"
2021-12-15 18:45:44,"0,14561","0,11845","0,16401"
2021-12-15 18:45:46,"0,13175","0,152","0,14653"
2021-12-15 18:45:49,"0,18565","0,11371","0,16058"
2021-12-15 18:45:51,"0,16404","0,11789","0,17061"
2021-12-15 18:45:53,"0,20018","0,14242","0,16923"
2021-12-15 18:45:55,"0,15152","0,12473","0,1598"
2021-12-15 18:45:57,"0,16598","0,12261","0,20653"
2021-12-15 18:45:59,"0,18837","0,1274","0,18086"
2021-12-15 18:46:02,"0,11432","0,13153","0,16484"
2021-12-15 18:46:04,"0,13622","0,12456","0,14814"
2021-12-15 18:46:06,"0,15542","0,09619","0,14654"
2021-12-15 18:46:08,"0,1854","0,15652","0,19083"
2021-12-15 18:46:11,"0,14203","0,11728","0,18023"
2021-12-15 18:46:13,"0,13498","0,13344","0,15959"
2021-12-15 18:46:15,"0,18914","0,12726","0,17315"
2021-12-15 18:46:18,"0,20128","0,14538","0,22662"
2021-12-15 18:46:20,"0,18202","0,14242","0,17112"
2021-12-15 18:46:22,"0,16853","0,10985","0,14396"
2021-12-15 18:46:25,"0,16766","0,14343","0,13479"
2021-12-15 18:46:27,"0,12502","0,11922","0,15075"
2021-12-15 18:46:29,"0,16263","0,12347","0,15108"
2021-12-15 18:46:31,"0,16928","0,13399","0,16822"
2021-12-15 18:46:34,"0,2053","0,13872","0,18035"
2021-12-15 18:46:36,"0,19824","0,13861","0,18161"
2021-12-15 18:46:38,"0,13733","0,10625","0,13618"
2021-12-15 18:46:40,"0,18882","0,12719","0,14731"
2021-12-15 18:46:42,"0,18011","0,11991","0,20573"
2021-12-15 18:46:45,"0,14832","0,12639","0,15376"
2021-12-15 18:46:47,"0,16571","0,10845","0,15387"
2021-12-15 18:46:49,"0,13215","0,12731","0,15884"
2021-12-15 18:46:51,"0,13786","0,18071","0,18469"
2021-12-15 18:46:54,"0,15526","0,14441","0,19749"
2021-12-15 18:46:56,"0,14854","0,1241","0,16644"
2021-12-15 18:46:58,"0,16357","0,11664","0,16248"
2021-12-15 18:47:01,"0,20294","0,12746","0,13132"
2021-12-15 18:47:03,"0,17872","0,13313","0,19021"
2021-12-15 18:47:05,"0,1879","0,13521","0,15974"
2021-12-15 18:47:08,"0,14737","0,13598","0,18369"
2021-12-15 18:47:11,"0,1654","0,12624","0,14912"
2021-12-15 18:47:13,"0,18149","0,13177","0,14991"
2021-12-15 18:47:15,"0,21839","0,1317","0,18499"
2021-12-15 18:47:17,"0,13736","0,138","0,13897"
2021-12-15 18:47:20,"0,16268","0,11011","0,16452"
2021-12-15 18:47:22,"0,15095","0,14438","0,17796"
2021-12-15 18:47:24,"0,20894","0,10286","0,14126"
2021-12-15 18:47:26,"0,16086","0,11082","0,18212"
2021-12-15 18:47:29,"0,13431","0,10644","0,17918"
2021-12-15 18:47:31,"0,15856","0,11383","0,23322"
2021-12-15 18:47:33,"0,1984","0,12114","0,189"
2021-12-15 18:47:36,"0,17557","0,11903","0,15268"
2021-12-15 18:47:38,"0,12322","0,12848","0,20462"
2021-12-15 18:47:40,"0,15383","0,11544","0,13649"
2021-12-15 18:47:42,"0,11887","0,1072","0,20474"
2021-12-15 18:47:44,"0,16191","0,18702","0,14479"
2021-12-15 18:47:47,"0,17197","0,13259","0,14875"
2021-12-15 18:47:49,"0,15828","0,13465","0,15709"
2021-12-15 18:47:52,"0,19","0,10763","0,15673"
2021-12-15 18:47:54,"0,15933","0,12845","0,17987"
2021-12-15 18:47:56,"0,15609","0,11006","0,18243"
2021-12-15 18:47:59,"0,14626","0,10638","0,17175"
2021-12-15 18:48:01,"0,17352","0,10401","0,1679"
2021-12-15 18:48:03,"0,18044","0,12398","0,22262"
2021-12-15 18:48:05,"0,16243","0,13841","0,14987"
2021-12-15 18:48:07,"0,17091","0,13958","0,15777"
2021-12-15 18:48:10,"0,1261","0,09796","0,17693"
2021-12-15 18:48:12,"0,16923","0,12788","0,16612"
2021-12-15 18:48:14,"0,14944","0,1125","0,18668"
2021-12-15 18:48:16,"0,13702","0,15287","0,1826"
2021-12-15 18:48:18,"0,14682","0,13076","0,2398"
2021-12-15 18:48:21,"0,17455","0,20363","0,17198"
2021-12-15 18:48:23,"0,14022","0,10848","0,18885"
2021-12-15 18:48:26,"0,14736","0,13439","0,20973"
2021-12-15 18:48:28,"0,1665","0,11288","0,15862"
2021-12-15 18:48:30,"0,16002","0,13282","0,18746"
2021-12-15 18:48:32,"0,13963","0,12163","0,19198"
2021-12-15 18:48:34,"0,1668","0,17148","0,19984"
2021-12-15 18:48:36,"0,16521","0,11263","0,15621"
2021-12-15 18:48:39,"0,17724","0,12918","0,20355"
2021-12-15 18:48:41,"0,1539","0,12803","0,15741"
2021-12-15 18:48:43,"0,19913","0,13734","0,19018"
2021-12-15 18:48:45,"0,1627","0,11486","0,185"
2021-12-15 18:48:47,"0,16141","0,13492","0,15752"
2021-12-15 18:48:50,"0,1735","0,14144","0,13511"
2021-12-15 18:48:52,"0,14592","0,10742","0,12719"
2021-12-15 18:48:54,"0,14743","0,12498","0,16844"
2021-12-15 18:48:56,"0,1607","0,13719","0,15585"
2021-12-15 18:48:58,"0,13906","0,1728","0,15083"
2021-12-15 18:49:01,"0,15648","0,13508","0,17668"
2021-12-15 18:49:03,"0,13376","0,1187","0,21741"
2021-12-15 18:49:05,"0,16724","0,13615","0,18557"
2021-12-15 18:49:07,"0,18977","0,13426","0,17016"
2021-12-15 18:49:10,"0,14488","0,11013","0,1463"
2021-12-15 18:49:12,"0,15279","0,15","0,18023"
2021-12-15 18:49:15,"0,16881","0,14341","0,12621"
2021-12-15 18:49:17,"0,15783","0,14231","0,17636"
2021-12-15 18:49:19,"0,17412","0,11049","0,17547"
2021-12-15 18:49:21,"0,1505","0,1187","0,15436"
2021-12-15 18:49:23,"0,16613","0,13914","0,16141"
2021-12-15 18:49:26,"0,16173","0,12241","0,14415"
2021-12-15 18:49:28,"0,15483","0,15824","0,16951"
2021-12-15 18:49:31,"0,17714","0,14126","0,18865"
2021-12-15 18:49:33,"0,17625","0,13215","0,16346"
2021-12-15 18:49:35,"0,18419","0,10942","0,16216"
2021-12-15 18:49:37,"0,17654","0,11834","0,14869"
2021-12-15 18:49:40,"0,16981","0,12406","0,17385"
2021-12-15 18:49:42,"0,18636","0,14629","0,17766"
2021-12-15 18:49:45,"0,14121","0,13435","0,13857"
2021-12-15 18:49:47,"0,15425","0,11347","0,1699"
2021-12-15 18:49:49,"0,15329","0,12773","0,16914"
2021-12-15 18:49:51,"0,12554","0,1349","0,21276"
2021-12-15 18:49:53,"0,20029","0,1322","0,13969"
2021-12-15 18:49:56,"0,1708","0,12813","0,16873"
2021-12-15 18:49:58,"0,15273","0,11603","0,13921"
2021-12-15 18:50:00,"0,17635","0,10677","0,1451"
2021-12-15 18:50:02,"0,1412","0,1136","0,16107"
2021-12-15 18:50:04,"0,14415","0,14489","0,18113"
2021-12-15 18:50:06,"0,16982","0,16044","0,20036"
2021-12-15 18:50:08,"0,20624","0,14352","0,18312"
2021-12-15 18:50:11,"0,13111","0,10775","0,15772"
2021-12-15 18:50:13,"0,20037","0,10109","0,14652"
2021-12-15 18:50:15,"0,18552","0,12897","0,13232"
2021-12-15 18:50:17,"0,16077","0,13184","0,16051"
2021-12-15 18:50:20,"0,20106","0,10615","0,19116"
2021-12-15 18:50:22,"0,17558","0,10451","0,16208"
2021-12-15 18:50:24,"0,14673","0,12099","0,1514"
2021-12-15 18:50:26,"0,15797","0,13189","0,20039"
2021-12-15 18:50:28,"0,14486","0,11324","0,1555"
2021-12-15 18:50:30,"0,14112","0,1236","0,19991"
2021-12-15 18:50:33,"0,1608","0,12118","0,16271"
2021-12-15 18:50:35,"0,1392","0,11154","0,1627"
2021-12-15 18:50:37,"0,19028","0,11281","0,16892"
2021-12-15 18:50:40,"0,19254","0,12125","0,15699"
2021-12-15 18:50:42,"0,15149","0,15106","0,14667"
2021-12-15 18:50:44,"0,17802","0,13711","0,17618"
2021-12-15 18:50:47,"0,19142","0,12474","0,15065"
2021-12-15 18:50:49,"0,16171","0,13569","0,14817"
2021-12-15 18:50:51,"0,14832","0,13047","0,14596"
2021-12-15 18:50:53,"0,16223","0,11832","0,1675"
2021-12-15 18:50:56,"0,14202","0,13093","0,16002"
2021-12-15 18:50:58,"0,16655","0,12463","0,17033"
2021-12-15 18:51:01,"0,15533","0,11796","0,1438"
2021-12-15 18:51:03,"0,13792","0,10708","0,18905"
2021-12-15 18:51:05,"0,14957","0,13849","0,14858"
2021-12-15 18:51:07,"0,19927","0,11508","0,16761"
2021-12-15 18:51:10,"0,14549","0,13252","0,18566"
2021-12-15 18:51:12,"0,17991","0,13333","0,14395"
2021-12-15 18:51:14,"0,16805","0,14625","0,16742"
2021-12-15 18:51:17,"0,14694","0,14099","0,16453"
2021-12-15 18:51:19,"0,20324","0,12578","0,19473"
2021-12-15 18:51:21,"0,16195","0,11433","0,14624"
2021-12-15 18:51:24,"0,1938","0,17229","0,14766"
2021-12-15 18:51:26,"0,13829","0,10922","0,14699"
2021-12-15 18:51:28,"0,15041","0,12325","0,19162"
2021-12-15 18:51:31,"0,17663","0,1099","0,16065"
2021-12-15 18:51:33,"0,17232","0,14113","0,16294"
2021-12-15 18:51:35,"0,14867","0,13055","0,147"
2021-12-15 18:51:37,"0,19691","0,11379","0,16708"
2021-12-15 18:51:40,"0,20902","0,15392","0,16327"
2021-12-15 18:51:42,"0,16494","0,12813","0,17898"
2021-12-15 18:51:44,"0,16627","0,1253","0,19178"
2021-12-15 18:51:46,"0,18486","0,15934","0,13107"
2021-12-15 18:51:49,"0,19303","0,10265","0,19211"
2021-12-15 18:51:51,"0,18448","0,11303","0,1691"
2021-12-15 18:51:53,"0,14576","0,10709","0,18201"
2021-12-15 18:51:56,"0,18906","0,0997","0,17932"
2021-12-15 18:51:58,"0,16357","0,1192","0,19379"
2021-12-15 18:52:00,"0,13753","0,12375","0,2025"
2021-12-15 18:52:02,"0,13266","0,09974","0,17738"
2021-12-15 18:52:05,"0,14754","0,11017","0,1715"
2021-12-15 18:52:07,"0,15506","0,13346","0,17112"
2021-12-15 18:52:09,"0,14042","0,11831","0,16019"
2021-12-15 18:52:11,"0,17232","0,13103","0,21769"
2021-12-15 18:52:14,"0,13937","0,12001","0,18526"
2021-12-15 18:52:16,"0,14856","0,12267","0,15029"
2021-12-15 18:52:18,"0,19288","0,12954","0,19307"
2021-12-15 18:52:21,"0,18066","0,14111","0,19003"
2021-12-15 18:52:23,"0,18773","0,14166","0,20177"
2021-12-15 18:52:25,"0,14549","0,11758","0,17289"
2021-12-15 18:52:27,"0,189","0,14454","0,14975"
2021-12-15 18:52:29,"0,1831","0,13025","0,19683"
2021-12-15 18:52:31,"0,17628","0,14613","0,18202"
2021-12-15 18:52:34,"0,17176","0,16229","0,17881"
2021-12-15 18:52:36,"0,17386","0,1172","0,13409"
2021-12-15 18:52:38,"0,16292","0,1054","0,19292"
2021-12-15 18:52:41,"0,14914","0,13307","0,1435"
2021-12-15 18:52:43,"0,16875","0,15582","0,14113"
2021-12-15 18:52:45,"0,17258","0,12294","0,15144"
2021-12-15 18:52:47,"0,12292","0,11572","0,18581"
2021-12-15 18:52:49,"0,18075","0,11951","0,13264"
2021-12-15 18:52:51,"0,16667","0,13797","0,14608"
2021-12-15 18:52:54,"0,14929","0,11343","0,18612"
2021-12-15 18:52:56,"0,14076","0,13621","0,14345"
2021-12-15 18:52:58,"0,16534","0,14648","0,2001"
2021-12-15 18:53:01,"0,16901","0,12334","0,16969"
2021-12-15 18:53:03,"0,14974","0,11161","0,2051"
2021-12-15 18:53:05,"0,15732","0,12167","0,19111"
2021-12-15 18:53:07,"0,21419","0,12673","0,14507"
2021-12-15 18:53:10,"0,16007","0,11182","0,16083"
2021-12-15 18:53:12,"0,15718","0,11264","0,1837"
2021-12-15 18:53:15,"0,15702","0,10789","0,15181"
2021-12-15 18:53:17,"0,15002","0,1296","0,14792"
2021-12-15 18:53:19,"0,14192","0,11323","0,17299"
2021-12-15 18:53:21,"0,15719","0,12711","0,1776"
2021-12-15 18:53:23,"0,16284","0,13921","0,15372"
2021-12-15 18:53:25,"0,19327","0,11737","0,14651"
2021-12-15 18:53:28,"0,16592","0,1307","0,16639"
2021-12-15 18:53:30,"0,17117","0,11279","0,16505"
2021-12-15 18:53:32,"0,1999","0,11817","0,12747"
2021-12-15 18:53:34,"0,13924","0,13891","0,12087"
2021-12-15 18:53:37,"0,16423","0,12894","0,15861"
2021-12-15 18:53:39,"0,14914","0,12908","0,19614"
2021-12-15 18:53:41,"0,16866","0,11928","0,13678"
2021-12-15 18:53:44,"0,166","0,10024","0,16356"
2021-12-15 18:53:46,"0,16938","0,13427","0,19432"
2021-12-15 18:53:48,"0,14473","0,11717","0,17542"
2021-12-15 18:53:51,"0,18874","0,11869","0,17619"
2021-12-15 18:53:53,"0,19459","0,09745","0,13094"
2021-12-15 18:53:55,"0,15301","0,12516","0,20245"
2021-12-15 18:53:57,"0,16531","0,09429","0,15232"
2021-12-15 18:53:59,"0,16009","0,11392","0,16814"
2021-12-15 18:54:01,"0,14925","0,12783","0,18044"
2021-12-15 18:54:04,"0,16073","0,2022","0,16549"
2021-12-15 18:54:06,"0,14966","0,10186","0,2003"
2021-12-15 18:54:08,"0,17515","0,11646","0,19663"
2021-12-15 18:54:10,"0,18028","0,14818","0,16048"
2021-12-15 18:54:12,"0,13346","0,14155","0,17681"
2021-12-15 18:54:15,"0,1401","0,12303","0,20882"
2021-12-15 18:54:17,"0,13675","0,13049","0,15231"
2021-12-15 18:54:19,"0,16461","0,12362","0,15455"
2021-12-15 18:54:21,"0,15563","0,12677","0,15969"
2021-12-15 18:54:23,"0,158","0,12319","0,1781"
2021-12-15 18:54:26,"0,13073","0,10283","0,2049"
2021-12-15 18:54:28,"0,14282","0,13012","0,21474"
2021-12-15 18:54:30,"0,15997","0,11669","0,17738"
2021-12-15 18:54:32,"0,14072","0,1099","0,20496"
2021-12-15 18:54:35,"0,16878","0,14687","0,18105"
2021-12-15 18:54:37,"0,13683","0,12576","0,16935"
2021-12-15 18:54:39,"0,1623","0,12973","0,14478"
2021-12-15 18:54:41,"0,20068","0,11103","0,16852"
2021-12-15 18:54:44,"0,16674","0,10731","0,19394"
2021-12-15 18:54:46,"0,17299","0,09757","0,14964"
2021-12-15 18:54:48,"0,167","0,1189","0,18403"
2021-12-15 18:54:50,"0,143","0,12358","0,15338"
2021-12-15 18:54:53,"0,14999","0,10789","0,2034"
2021-12-15 18:54:55,"0,14801","0,12895","0,14255"
2021-12-15 18:54:57,"0,15081","0,10585","0,16077"
2021-12-15 18:54:59,"0,18927","0,10785","0,13338"
2021-12-15 18:55:02,"0,17945","0,12465","0,1694"
2021-12-15 18:55:04,"0,16241","0,11545","0,14683"
2021-12-15 18:55:06,"0,16138","0,12587","0,16564"
2021-12-15 18:55:08,"0,15829","0,1207","0,16084"
2021-12-15 18:55:11,"0,14504","0,11037","0,19524"
2021-12-15 18:55:13,"0,16103","0,14088","0,1685"
2021-12-15 18:55:15,"0,15284","0,12332","0,16119"
2021-12-15 18:55:18,"0,15127","0,14675","0,13183"
2021-12-15 18:55:20,"0,15594","0,14561","0,15609"
2021-12-15 18:55:22,"0,16689","0,11211","0,14723"
2021-12-15 18:55:24,"0,12703","0,1071","0,14965"
2021-12-15 18:55:26,"0,15684","0,12371","0,19061"
2021-12-15 18:55:29,"0,16854","0,11812","0,15686"
2021-12-15 18:55:31,"0,15359","0,12112","0,17282"
2021-12-15 18:55:33,"0,14297","0,12812","0,18954"
2021-12-15 18:55:35,"0,12403","0,09525","0,2231"
2021-12-15 18:55:38,"0,17839","0,11538","0,1608"
2021-12-15 18:55:40,"0,14555","0,136","0,15654"
2021-12-15 18:55:42,"0,1409","0,10429","0,20065"
2021-12-15 18:55:44,"0,16179","0,12028","0,15309"
2021-12-15 18:55:47,"0,12852","0,14671","0,13965"
2021-12-15 18:55:49,"0,15046","0,13398","0,18001"
2021-12-15 18:55:52,"0,13706","0,10109","0,17601"
2021-12-15 18:55:54,"0,12299","0,10242","0,18058"
2021-12-15 18:55:56,"0,1435","0,10734","0,15472"
2021-12-15 18:55:59,"0,13104","0,11541","0,16645"
2021-12-15 18:56:01,"0,13182","0,10123","0,12786"
2021-12-15 18:56:03,"0,14638","0,12275","0,11539"
2021-12-15 18:56:05,"0,1005","0,1075","0,13231"
2021-12-15 18:56:07,"0,1124","0,1235","0,17481"
2021-12-15 18:56:10,"0,16648","0,10089","0,16541"
2021-12-15 18:56:12,"0,13178","0,10595","0,17633"
2021-12-15 18:56:14,"0,10451","0,10553","0,18252"
2021-12-15 18:56:16,"0,11678","0,12549","0,17766"
2021-12-15 18:56:18,"0,1568","0,12811","0,18347"
2021-12-15 18:56:21,"0,11433","0,12204","0,17294"
2021-12-15 18:56:23,"0,12853","0,11851","0,19067"
2021-12-15 18:56:25,"0,09729","0,12441","0,23929"
2021-12-15 18:56:27,"0,14438","0,10132","0,13989"
2021-12-15 18:56:29,"0,13907","0,15643","0,23605"
2021-12-15 18:56:32,"0,10177","0,09525","0,16799"
2021-12-15 18:56:34,"0,15275","0,11828","0,15783"
2021-12-15 18:56:36,"0,14966","0,10311","0,14651"
2021-12-15 18:56:39,"0,14442","0,08659","0,20843"
2021-12-15 18:56:41,"0,12671","0,12021","0,15419"
2021-12-15 18:56:44,"0,10405","0,11336","0,15893"
2021-12-15 18:56:46,"0,12282","0,11381","0,17084"
2021-12-15 18:56:48,"0,13837","0,10901","0,15342"
2021-12-15 18:56:51,"0,14687","0,1063","0,19636"
2021-12-15 18:56:53,"0,11875","0,10927","0,1601"
2021-12-15 18:56:55,"0,13831","0,09283","0,13956"
2021-12-15 18:56:57,"0,11786","0,12782","0,1268"
2021-12-15 18:57:00,"0,13558","0,08872","0,17111"
2021-12-15 18:57:02,"0,11983","0,10889","0,15497"
2021-12-15 18:57:04,"0,11992","0,13617","0,12832"
2021-12-15 18:57:06,"0,12269","0,11388","0,12956"
2021-12-15 18:57:09,"0,1016","0,1035","0,13194"
2021-12-15 18:57:11,"0,1334","0,13131","0,15244"
2021-12-15 18:57:13,"0,10818","0,10015","0,17908"
2021-12-15 18:57:15,"0,14203","0,10634","0,13277"
2021-12-15 18:57:17,"0,15678","0,11487","0,19245"
2021-12-15 18:57:20,"0,13101","0,10838","0,16201"
2021-12-15 18:57:22,"0,11723","0,09753","0,16246"
2021-12-15 18:57:24,"0,13091","0,13891","0,15281"
2021-12-15 18:57:26,"0,11696","0,07947","0,14803"
2021-12-15 18:57:29,"0,15066","0,11967","0,16874"
2021-12-15 18:57:31,"0,15726","0,0938","0,14494"
2021-12-15 18:57:33,"0,15876","0,10759","0,15732"
2021-12-15 18:57:35,"0,12986","0,09736","0,13448"
2021-12-15 18:57:37,"0,15839","0,08459","0,21902"
2021-12-15 18:57:40,"0,14071","0,10312","0,1302"
2021-12-15 18:57:42,"0,15417","0,10504","0,11466"
2021-12-15 18:57:44,"0,19082","0,15704","0,17209"
2021-12-15 18:57:46,"0,12488","0,09932","0,14054"
2021-12-15 18:57:49,"0,10801","0,09502","0,15007"
2021-12-15 18:57:51,"0,12186","0,10568","0,23145"
2021-12-15 18:57:53,"0,12709","0,11372","0,1699"
2021-12-15 18:57:55,"0,09978","0,10422","0,14571"
2021-12-15 18:57:57,"0,12831","0,09883","0,21917"
2021-12-15 18:58:00,"0,14766","0,11479","0,13659"
2021-12-15 18:58:02,"0,10861","0,0929","0,16618"
2021-12-15 18:58:04,"0,154","0,09775","0,16727"
2021-12-15 18:58:06,"0,09788","0,09735","0,14766"
2021-12-15 18:58:08,"0,11929","0,10935","0,15781"
2021-12-15 18:58:11,"0,10926","0,10965","0,12546"
2021-12-15 18:58:13,"0,12557","0,09777","0,14713"
2021-12-15 18:58:15,"0,1369","0,13155","0,1499"
2021-12-15 18:58:17,"0,1394","0,10382","0,14882"
2021-12-15 18:58:19,"0,13708","0,101","0,17079"
2021-12-15 18:58:21,"0,10186","0,08652","0,14145"
2021-12-15 18:58:24,"0,14178","0,07697","0,11744"
2021-12-15 18:58:26,"0,14391","0,11457","0,15417"
2021-12-15 18:58:29,"0,12469","0,10117","0,15313"
2021-12-15 18:58:31,"0,18117","0,10637","0,14637"
2021-12-15 18:58:33,"0,12885","0,12154","0,17239"
2021-12-15 18:58:35,"0,15004","0,09826","0,16175"
2021-12-15 18:58:37,"0,1151","0,12074","0,15028"
2021-12-15 18:58:39,"0,11608","0,1121","0,16143"
2021-12-15 18:58:42,"0,13245","0,07947","0,17861"
2021-12-15 18:58:44,"0,13461","0,09009","0,18757"
2021-12-15 18:58:47,"0,13994","0,13985","0,21796"
2021-12-15 18:58:49,"0,15469","0,13043","0,12204"
2021-12-15 18:58:51,"0,10994","0,11257","0,16881"
2021-12-15 18:58:53,"0,15633","0,10336","0,13853"
2021-12-15 18:58:56,"0,19712","0,16749","0,16841"
2021-12-15 18:58:58,"0,14006","0,13004","0,13861"
2021-12-15 18:59:01,"0,14582","0,11666","0,18664"
2021-12-15 18:59:03,"0,1751","0,06412","0,15273"
2021-12-15 18:59:05,"0,10237","0,11134","0,18686"
2021-12-15 18:59:07,"0,12611","0,12172","0,18977"
2021-12-15 18:59:10,"0,10617","0,10955","0,18283"
2021-12-15 18:59:12,"0,14418","0,07356","0,16461"
2021-12-15 18:59:14,"0,10611","0,14069","0,12971"
2021-12-15 18:59:17,"0,12811","0,09711","0,14037"
2021-12-15 18:59:19,"0,12604","0,10694","0,146"
2021-12-15 18:59:21,"0,13985","0,10842","0,16972"
2021-12-15 18:59:24,"0,10961","0,12409","0,16615"
2021-12-15 18:59:26,"0,10885","0,09933","0,15943"
2021-12-15 18:59:28,"0,10005","0,11634","0,12391"
2021-12-15 18:59:31,"0,17252","0,10541","0,15559"
2021-12-15 18:59:33,"0,13934","0,10287","0,2032"
2021-12-15 18:59:36,"0,10902","0,10063","0,16755"
2021-12-15 18:59:38,"0,11134","0,08476","0,12221"
2021-12-15 18:59:40,"0,13664","0,12188","0,17912"
2021-12-15 18:59:42,"0,1326","0,0717","0,15945"
2021-12-15 18:59:45,"0,1226","0,11678","0,17199"
2021-12-15 18:59:47,"0,17436","0,11961","0,13839"
2021-12-15 18:59:50,"0,12628","0,10465","0,12223"
2021-12-15 18:59:52,"0,16338","0,11666","0,16185"
2021-12-15 18:59:54,"0,14468","0,10843","0,18404"
2021-12-15 18:59:56,"0,14502","0,10596","0,15962"
2021-12-15 18:59:59,"0,12805","0,1071","0,19164"
2021-12-15 19:00:01,"0,14378","0,12755","0,17287"
2021-12-15 19:00:03,"0,10245","0,10804","0,13921"
2021-12-15 19:00:06,"0,1203","0,11269","0,18213"
2021-12-15 19:00:08,"0,19254","0,10705","0,14026"
2021-12-15 19:00:10,"0,11379","0,11358","0,1976"
2021-12-15 19:00:12,"0,12382","0,09506","0,17642"
2021-12-15 19:00:15,"0,10635","0,10049","0,18822"
2021-12-15 19:00:17,"0,1273","0,0956","0,13859"
2021-12-15 19:00:19,"0,12753","0,13133","0,15047"
2021-12-15 19:00:21,"0,18362","0,09384","0,16386"
2021-12-15 19:00:23,"0,10796","0,11762","0,18001"
2021-12-15 19:00:26,"0,13086","0,11647","0,18215"
2021-12-15 19:00:28,"0,11376","0,1007","0,17951"
2021-12-15 19:00:30,"0,12972","0,12044","0,1309"
2021-12-15 19:00:32,"0,17328","0,12717","0,18161"
2021-12-15 19:00:34,"0,1403","0,13557","0,16356"
2021-12-15 19:00:36,"0,13862","0,1306","0,15029"
2021-12-15 19:00:39,"0,08149","0,11001","0,15457"
2021-12-15 19:00:41,"0,12247","0,1096","0,14107"
2021-12-15 19:00:43,"0,15512","0,09956","0,16204"
2021-12-15 19:00:46,"0,14795","0,13054","0,19663"
2021-12-15 19:00:48,"0,14535","0,10498","0,17482"
2021-12-15 19:00:50,"0,12652","0,12258","0,14892"
2021-12-15 19:00:52,"0,11377","0,11102","0,21899"
2021-12-15 19:00:54,"0,11995","0,10834","0,18186"
2021-12-15 19:00:57,"0,09624","0,12167","0,17079"
2021-12-15 19:00:59,"0,14073","0,10893","0,13987"
2021-12-15 19:01:01,"0,1111","0,09946","0,12861"
2021-12-15 19:01:04,"0,13564","0,10474","0,14231"
2021-12-15 19:01:06,"0,12957","0,1122","0,17509"
2021-12-15 19:01:08,"0,1061","0,1038","0,19383"
2021-12-15 19:01:10,"0,15818","0,10217","0,1685"
2021-12-15 19:01:12,"0,17372","0,1074","0,14773"
2021-12-15 19:01:15,"0,11134","0,15606","0,14077"
2021-12-15 19:01:17,"0,14655","0,1183","0,15682"
2021-12-15 19:01:19,"0,12993","0,11658","0,13863"
2021-12-15 19:01:21,"0,12682","0,11089","0,16734"
2021-12-15 19:01:23,"0,11056","0,1076","0,12721"
2021-12-15 19:01:25,"0,12655","0,12332","0,1073"
2021-12-15 19:01:27,"0,11915","0,14002","0,17683"
2021-12-15 19:01:30,"0,14281","0,11801","0,14831"
2021-12-15 19:01:32,"0,1259","0,10674","0,15624"
2021-12-15 19:01:34,"0,11905","0,10794","0,15504"
2021-12-15 19:01:36,"0,16921","0,10658","0,13394"
2021-12-15 19:01:38,"0,1429","0,10853","0,17286"
2021-12-15 19:01:41,"0,13471","0,11755","0,17213"
2021-12-15 19:01:43,"0,11941","0,13928","0,14895"
2021-12-15 19:01:45,"0,09576","0,09803","0,17019"
2021-12-15 19:01:47,"0,10776","0,10935","0,18365"
2021-12-15 19:01:50,"0,12966","0,08425","0,16663"
2021-12-15 19:01:52,"0,13735","0,09163","0,16682"
2021-12-15 19:01:55,"0,1887","0,10942","0,16744"
2021-12-15 19:01:57,"0,14468","0,13536","0,15934"
2021-12-15 19:01:59,"0,10388","0,10182","0,15676"
2021-12-15 19:02:01,"0,1242","0,13951","0,14705"
2021-12-15 19:02:03,"0,14439","0,09779","0,15355"
2021-12-15 19:02:06,"0,13644","0,12493","0,12771"
2021-12-15 19:02:08,"0,17466","0,10354","0,15227"
2021-12-15 19:02:10,"0,13326","0,11775","0,21362"
2021-12-15 19:02:12,"0,13985","0,10281","0,14835"
2021-12-15 19:02:14,"0,14054","0,12203","0,15661"
2021-12-15 19:02:17,"0,12637","0,12199","0,16256"
2021-12-15 19:02:19,"0,11672","0,1149","0,14134"
2021-12-15 19:02:21,"0,13626","0,1047","0,12117"
2021-12-15 19:02:23,"0,12306","0,09392","0,1969"
2021-12-15 19:02:26,"0,16106","0,09562","0,13552"
2021-12-15 19:02:29,"0,1506","0,09234","0,17521"
2021-12-15 19:02:31,"0,12439","0,11919","0,17967"
2021-12-15 19:02:33,"0,10338","0,15551","0,15465"
2021-12-15 19:02:35,"0,13043","0,11054","0,15633"
2021-12-15 19:02:37,"0,12819","0,09514","0,14373"
2021-12-15 19:02:39,"0,1608","0,10304","0,14067"
2021-12-15 19:02:41,"0,10941","0,12166","0,11948"
2021-12-15 19:02:44,"0,15251","0,13708","0,16674"
2021-12-15 19:02:46,"0,11946","0,1314","0,15062"
2021-12-15 19:02:49,"0,11815","0,10273","0,17499"
2021-12-15 19:02:51,"0,1419","0,10272","0,13086"
2021-12-15 19:02:53,"0,11489","0,13203","0,16091"
2021-12-15 19:02:56,"0,18819","0,10916","0,16495"
2021-12-15 19:02:58,"0,1405","0,11854","0,19102"
2021-12-15 19:03:01,"0,14077","0,09781","0,18969"
2021-12-15 19:03:03,"0,10409","0,0941","0,15786"
2021-12-15 19:03:06,"0,14993","0,10858","0,14722"
2021-12-15 19:03:08,"0,12406","0,09082","0,14719"
2021-12-15 19:03:10,"0,11904","0,11976","0,15755"
2021-12-15 19:03:12,"0,14359","0,10191","0,19993"
2021-12-15 19:03:15,"0,16653","0,10471","0,17391"
2021-12-15 19:03:17,"0,14025","0,09763","0,13825"
2021-12-15 19:03:19,"0,13322","0,14751","0,15553"
2021-12-15 19:03:21,"0,09213","0,12107","0,14013"
2021-12-15 19:03:23,"0,14899","0,10965","0,18627"
2021-12-15 19:03:26,"0,11767","0,11267","0,1912"
2021-12-15 19:03:28,"0,11923","0,10457","0,13125"
2021-12-15 19:03:30,"0,12911","0,09965","0,15598"
2021-12-15 19:03:32,"0,12346","0,09676","0,15114"
2021-12-15 19:03:35,"0,11021","0,10635","0,14948"
2021-12-15 19:03:37,"0,13893","0,13283","0,14728"
2021-12-15 19:03:39,"0,12689","0,09835","0,15344"
2021-12-15 19:03:41,"0,12688","0,09822","0,16466"
2021-12-15 19:03:44,"0,11867","0,10451","0,17362"
2021-12-15 19:03:46,"0,1629","0,10948","0,12381"
2021-12-15 19:03:48,"0,09677","0,117","0,14442"
2021-12-15 19:03:50,"0,12993","0,12352","0,13759"
2021-12-15 19:03:52,"0,11222","0,11813","0,16191"
2021-12-15 19:03:55,"0,10411","0,10341","0,1212"
2021-12-15 19:03:57,"0,10186","0,11557","0,13311"
2021-12-15 19:04:00,"0,13992","0,12452","0,18234"
2021-12-15 19:04:02,"0,11861","0,09779","0,17148"
2021-12-15 19:04:04,"0,13489","0,11343","0,15691"
2021-12-15 19:04:06,"0,13621","0,10694","0,16347"
2021-12-15 19:04:09,"0,15959","0,10034","0,17621"
2021-12-15 19:04:11,"0,13294","0,10362","0,16232"
2021-12-15 19:04:13,"0,15176","0,0797","0,14011"
2021-12-15 19:04:15,"0,1381","0,12386","0,15525"
2021-12-15 19:04:17,"0,13303","0,10364","0,15003"
2021-12-15 19:04:19,"0,12423","0,12794","0,13802"
2021-12-15 19:04:22,"0,1452","0,09442","0,13555"
2021-12-15 19:04:24,"0,11956","0,09953","0,16952"
2021-12-15 19:04:26,"0,14197","0,09432","0,1563"
2021-12-15 19:04:29,"0,13796","0,14321","0,20865"
2021-12-15 19:04:31,"0,12911","0,13852","0,18437"
2021-12-15 19:04:33,"0,09874","0,09853","0,1331"
2021-12-15 19:04:36,"0,13393","0,10528","0,15486"
2021-12-15 19:04:38,"0,1491","0,10274","0,14924"
2021-12-15 19:04:40,"0,11961","0,11101","0,18706"
2021-12-15 19:04:42,"0,1151","0,13211","0,13959"
2021-12-15 19:04:45,"0,14325","0,0924","0,14246"
2021-12-15 19:04:46,"0,11149","0,11289","0,13155"
2021-12-15 19:04:48,"0,1415","0,11789","0,17029"
2021-12-15 19:04:50,"0,14725","0,13174","0,1368"
2021-12-15 19:04:53,"0,12239","0,12673","0,15669"
2021-12-15 19:04:55,"0,1048","0,08533","0,22394"
2021-12-15 19:04:58,"0,11548","0,10268","0,1663"
2021-12-15 19:05:00,"0,12","0,08789","0,16621"
2021-12-15 19:05:02,"0,14862","0,11473","0,17567"
2021-12-15 19:05:05,"0,13259","0,09367","0,17758"
2021-12-15 19:05:07,"0,13153","0,11547","0,15843"
2021-12-15 19:05:09,"0,1086","0,11013","0,14276"
2021-12-15 19:05:11,"0,14775","0,08729","0,19137"
2021-12-15 19:05:14,"0,12025","0,10606","0,11419"
2021-12-15 19:05:16,"0,13239","0,11175","0,15402"
2021-12-15 19:05:18,"0,12547","0,10739","0,13572"
2021-12-15 19:05:21,"0,16019","0,11912","0,15823"
2021-12-15 19:05:23,"0,14254","0,12557","0,13154"
2021-12-15 19:05:25,"0,13697","0,1065","0,16867"
2021-12-15 19:05:27,"0,11299","0,11879","0,13722"
2021-12-15 19:05:29,"0,11372","0,1159","0,1809"
2021-12-15 19:05:32,"0,15373","0,10946","0,16178"
2021-12-15 19:05:34,"0,13214","0,12251","0,12319"
2021-12-15 19:05:36,"0,12368","0,09798","0,13695"
2021-12-15 19:05:38,"0,13144","0,10398","0,17848"
2021-12-15 19:05:40,"0,15628","0,11027","0,17143"
2021-12-15 19:05:43,"0,10893","0,11117","0,20402"
2021-12-15 19:05:46,"0,14582","0,13413","0,18558"
2021-12-15 19:05:48,"0,17766","0,10142","0,14633"
2021-12-15 19:05:50,"0,10911","0,10766","0,15526"
2021-12-15 19:05:53,"0,13213","0,09024","0,11777"
2021-12-15 19:05:56,"0,1337","0,10647","0,19232"
2021-12-15 19:05:58,"0,15654","0,12191","0,1709"
2021-12-15 19:06:00,"0,15353","0,10374","0,15179"
2021-12-15 19:06:02,"0,14206","0,11963","0,18461"
2021-12-15 19:06:04,"0,14022","0,11737","0,16614"
2021-12-15 19:06:07,"0,13843","0,13495","0,14837"
2021-12-15 19:06:09,"0,11276","0,10156","0,15404"
2021-12-15 19:06:12,"0,11439","0,09959","0,16581"
2021-12-15 19:06:14,"0,14417","0,12132","0,15414"
2021-12-15 19:06:16,"0,15554","0,10527","0,2033"
2021-12-15 19:06:19,"0,14592","0,12449","0,22553"
2021-12-15 19:06:21,"0,1096","0,09069","0,11929"
2021-12-15 19:06:23,"0,16216","0,08838","0,16223"
2021-12-15 19:06:26,"0,12742","0,11547","0,18336"
2021-12-15 19:06:28,"0,11369","0,12681","0,19641"
2021-12-15 19:06:30,"0,13329","0,11098","0,14604"
2021-12-15 19:06:32,"0,12863","0,12215","0,13883"
2021-12-15 19:06:35,"0,15577","0,15187","0,18966"
2021-12-15 19:06:37,"0,13586","0,10583","0,15833"
2021-12-15 19:06:39,"0,11775","0,14365","0,16664"
2021-12-15 19:06:41,"0,13041","0,14263","0,19077"
2021-12-15 19:06:43,"0,14885","0,10763","0,17328"
2021-12-15 19:06:46,"0,13167","0,11424","0,17191"
2021-12-15 19:06:48,"0,1275","0,11893","0,13006"
2021-12-15 19:06:50,"0,14123","0,10417","0,14998"
2021-12-15 19:06:52,"0,16248","0,11016","0,1479"
2021-12-15 19:06:54,"0,12837","0,11801","0,16534"
2021-12-15 19:06:57,"0,17102","0,10772","0,15489"
2021-12-15 19:06:59,"0,14423","0,15128","0,14749"
2021-12-15 19:07:02,"0,13038","0,08436","0,17353"
2021-12-15 19:07:04,"0,11382","0,0963","0,17278"
2021-12-15 19:07:06,"0,13871","0,12187","0,1336"
2021-12-15 19:07:08,"0,13838","0,10973","0,14144"
2021-12-15 19:07:11,"0,11779","0,13088","0,13915"
2021-12-15 19:07:13,"0,14763","0,11456","0,1583"
2021-12-15 19:07:16,"0,12018","0,15215","0,18931"
2021-12-15 19:07:18,"0,1535","0,10645","0,16669"
2021-12-15 19:07:20,"0,15035","0,11894","0,14079"
2021-12-15 19:07:22,"0,17937","0,12","0,17246"
2021-12-15 19:07:25,"0,20458","0,12819","0,1754"
2021-12-15 19:07:27,"0,12143","0,10001","0,15536"
2021-12-15 19:07:30,"0,10032","0,09761","0,17162"
2021-12-15 19:07:32,"0,14904","0,10477","0,20891"
2021-12-15 19:07:35,"0,11355","0,10304","0,16005"
2021-12-15 19:07:37,"0,13799","0,11398","0,12418"
2021-12-15 19:07:39,"0,14037","0,09193","0,14064"
2021-12-15 19:07:41,"0,15624","0,09673","0,15477"
2021-12-15 19:07:43,"0,11325","0,0997","0,16139"
2021-12-15 19:07:46,"0,09712","0,09628","0,14986"
2021-12-15 19:07:48,"0,14559","0,11854","0,2039"
2021-12-15 19:07:50,"0,13468","0,10686","0,14648"
2021-12-15 19:07:52,"0,1144","0,0921","0,12185"
2021-12-15 19:07:55,"0,14126","0,10272","0,21314"
2021-12-15 19:07:57,"0,14872","0,09734","0,2232"
2021-12-15 19:07:59,"0,14512","0,11099","0,15887"
2021-12-15 19:08:01,"0,13175","0,11279","0,20988"
2021-12-15 19:08:03,"0,13595","0,09418","0,11561"
2021-12-15 19:08:06,"0,10207","0,11612","0,1707"
2021-12-15 19:08:08,"0,19186","0,12081","0,23551"
2021-12-15 19:08:10,"0,11561","0,11394","0,13935"
2021-12-15 19:08:13,"0,15988","0,11097","0,16049"
2021-12-15 19:08:15,"0,10804","0,10724","0,15208"
2021-12-15 19:08:18,"0,12014","0,13703","0,15652"
2021-12-15 19:08:20,"0,11463","0,14647","0,1985"
2021-12-15 19:08:22,"0,10412","0,1018","0,183"
2021-12-15 19:08:24,"0,10434","0,09029","0,16084"
2021-12-15 19:08:27,"0,15807","0,14956","0,17884"
2021-12-15 19:08:29,"0,14116","0,20022","0,14338"
2021-12-15 19:08:32,"0,12118","0,11925","0,16311"
2021-12-15 19:08:34,"0,12148","0,12057","0,20454"
2021-12-15 19:08:36,"0,12004","0,09908","0,13293"
2021-12-15 19:08:38,"0,12857","0,11382","0,1989"
2021-12-15 19:08:41,"0,13561","0,09752","0,1824"
2021-12-15 19:08:43,"0,12951","0,13405","0,14925"
2021-12-15 19:08:45,"0,146","0,11912","0,17461"
2021-12-15 19:08:47,"0,10903","0,15333","0,17968"
2021-12-15 19:08:50,"0,17662","0,10643","0,18501"
2021-12-15 19:08:52,"0,12387","0,10034","0,17634"
2021-12-15 19:08:54,"0,15824","0,11569","0,17314"
2021-12-15 19:08:56,"0,20323","0,11975","0,15864"
2021-12-15 19:08:58,"0,15159","0,10771","0,17218"
2021-12-15 19:09:01,"0,14097","0,13642","0,16076"
2021-12-15 19:09:03,"0,15177","0,08084","0,14118"
2021-12-15 19:09:05,"0,12565","0,10607","0,17688"
2021-12-15 19:09:07,"0,11314","0,1115","0,14438"
2021-12-15 19:09:09,"0,11453","0,1119","0,16539"
2021-12-15 19:09:12,"0,17084","0,12208","0,17675"
2021-12-15 19:09:14,"0,13336","0,11229","0,18287"
2021-12-15 19:09:16,"0,13367","0,12998","0,18437"
2021-12-15 19:09:18,"0,12983","0,10888","0,14601"
2021-12-15 19:09:21,"0,16857","0,1215","0,1474"
2021-12-15 19:09:23,"0,11224","0,10247","0,22795"
2021-12-15 19:09:25,"0,13529","0,11563","0,1664"
2021-12-15 19:09:27,"0,12457","0,08985","0,19026"
2021-12-15 19:09:30,"0,10468","0,14116","0,19799"
2021-12-15 19:09:32,"0,14294","0,13436","0,12705"
2021-12-15 19:09:34,"0,14532","0,11488","0,14025"
2021-12-15 19:09:36,"0,1368","0,09731","0,17304"
2021-12-15 19:09:38,"0,15406","0,09185","0,15963"
2021-12-15 19:09:41,"0,15156","0,08751","0,17467"
2021-12-15 19:09:43,"0,11402","0,12672","0,14486"
2021-12-15 19:09:45,"0,1364","0,10421","0,14229"
2021-12-15 19:09:47,"0,13272","0,11","0,17576"
2021-12-15 19:09:50,"0,13192","0,15066","0,22924"
2021-12-15 19:09:52,"0,1342","0,12544","0,17725"
2021-12-15 19:09:54,"0,13059","0,12121","0,15878"
2021-12-15 19:09:57,"0,1145","0,10262","0,20408"
2021-12-15 19:09:59,"0,15072","0,14509","0,11993"
2021-12-15 19:10:01,"0,12325","0,13622","0,15532"
2021-12-15 19:10:04,"0,10055","0,10131","0,1393"
2021-12-15 19:10:06,"0,14874","0,12898","0,18151"
2021-12-15 19:10:08,"0,13325","0,11452","0,17487"
2021-12-15 19:10:10,"0,12339","0,10661","0,20225"
2021-12-15 19:10:12,"0,13394","0,11745","0,12764"
2021-12-15 19:10:15,"0,14555","0,10453","0,18247"
2021-12-15 19:10:17,"0,14786","0,11752","0,16742"
2021-12-15 19:10:20,"0,11775","0,107","0,20467"
2021-12-15 19:10:22,"0,1306","0,12675","0,15548"
2021-12-15 19:10:24,"0,16058","0,12857","0,18139"
2021-12-15 19:10:26,"0,15829","0,13577","0,18988"
2021-12-15 19:10:28,"0,15083","0,10531","0,15434"
2021-12-15 19:10:30,"0,14327","0,09577","0,17257"
2021-12-15 19:10:32,"0,14449","0,12015","0,18135"
2021-12-15 19:10:35,"0,15002","0,10767","0,15986"
2021-12-15 19:10:37,"0,1156","0,12819","0,14068"
2021-12-15 19:10:39,"0,13467","0,0916","0,1725"
2021-12-15 19:10:41,"0,12295","0,09817","0,18282"
2021-12-15 19:10:43,"0,16105","0,11319","0,17692"
2021-12-15 19:10:45,"0,15012","0,11851","0,14077"
2021-12-15 19:10:48,"0,09073","0,11673","0,16414"
2021-12-15 19:10:50,"0,15425","0,08467","0,16674"
2021-12-15 19:10:52,"0,12001","0,12475","0,17131"
2021-12-15 19:10:54,"0,14567","0,11669","0,17095"
2021-12-15 19:10:56,"0,14879","0,104","0,14365"
2021-12-15 19:10:58,"0,14208","0,09421","0,15212"
2021-12-15 19:11:00,"0,11805","0,12873","0,16042"
2021-12-15 19:11:03,"0,13715","0,1573","0,15247"
2021-12-15 19:11:06,"0,12106","0,10593","0,15844"
2021-12-15 19:11:08,"0,13597","0,1002","0,12075"
2021-12-15 19:11:10,"0,19093","0,11297","0,18192"
2021-12-15 19:11:13,"0,17653","0,12319","0,17357"
2021-12-15 19:11:16,"0,1359","0,10328","0,17196"
2021-12-15 19:11:18,"0,1485","0,12009","0,15722"
2021-12-15 19:11:20,"0,11964","0,12265","0,14122"
2021-12-15 19:11:22,"0,1612","0,11967","0,18071"
2021-12-15 19:11:24,"0,12439","0,13666","0,1887"
2021-12-15 19:11:27,"0,11676","0,13076","0,20286"
2021-12-15 19:11:29,"0,13896","0,1047","0,16935"
2021-12-15 19:11:31,"0,14723","0,11232","0,13979"
2021-12-15 19:11:33,"0,15757","0,10226","0,17772"
2021-12-15 19:11:36,"0,14945","0,09679","0,18623"
2021-12-15 19:11:38,"0,12444","0,11904","0,16079"
2021-12-15 19:11:40,"0,16307","0,13347","0,19398"
2021-12-15 19:11:42,"0,13775","0,12755","0,214"
2021-12-15 19:11:44,"0,45333","0,1362","0,19707"
2021-12-15 19:11:47,"0,15934","0,13066","0,17398"
2021-12-15 19:11:49,"0,16956","0,10857","0,16699"
2021-12-15 19:11:51,"0,14687","0,12045","0,19342"
2021-12-15 19:11:53,"0,14763","0,12169","0,17915"
2021-12-15 19:11:56,"0,13392","0,12135","0,1635"
2021-12-15 19:11:58,"0,15092","0,11629","0,16435"
2021-12-15 19:12:00,"0,13314","0,10706","0,15357"
2021-12-15 19:12:02,"0,16264","0,13812","0,19806"
2021-12-15 19:12:04,"0,11722","0,14396","0,16115"
2021-12-15 19:12:07,"0,1475","0,11231","0,1188"
2021-12-15 19:12:09,"0,1693","0,10248","0,1687"
2021-12-15 19:12:11,"0,17359","0,1475","0,1452"
2021-12-15 19:12:13,"0,13181","0,1199","0,13809"
2021-12-15 19:12:16,"0,17749","0,10486","0,16081"
2021-12-15 19:12:18,"0,15281","0,12068","0,1711"
2021-12-15 19:12:20,"0,21055","0,10637","0,16533"
2021-12-15 19:12:22,"0,19377","0,13376","0,16085"
2021-12-15 19:12:25,"0,17768","0,11854","0,12792"
2021-12-15 19:12:27,"0,14602","0,13073","0,1448"
2021-12-15 19:12:29,"0,11574","0,12709","0,17285"
2021-12-15 19:12:31,"0,16316","0,12025","0,12988"
2021-12-15 19:12:33,"0,17632","0,13916","0,14506"
2021-12-15 19:12:36,"0,16392","0,11957","0,12952"
2021-12-15 19:12:38,"0,17373","0,14079","0,1854"
2021-12-15 19:12:40,"0,12837","0,15672","0,16081"
2021-12-15 19:12:43,"0,14831","0,12337","0,1677"
2021-12-15 19:12:46,"0,15396","0,11061","0,18486"
2021-12-15 19:12:48,"0,15622","0,08487","0,14457"
2021-12-15 19:12:50,"0,14487","0,13697","0,17047"
2021-12-15 19:12:52,"0,11842","0,10269","0,18376"
2021-12-15 19:12:55,"0,13965","0,12492","0,13767"
2021-12-15 19:12:57,"0,14006","0,1307","0,13605"
2021-12-15 19:12:59,"0,16176","0,13316","0,16816"
2021-12-15 19:13:01,"0,14201","0,11002","0,20664"
2021-12-15 19:13:04,"0,13839","0,09558","0,14717"
2021-12-15 19:13:06,"0,14904","0,10739","0,16117"
2021-12-15 19:13:08,"0,18561","0,1027","0,24095"
2021-12-15 19:13:11,"0,13875","0,13439","0,16949"
2021-12-15 19:13:13,"0,16997","0,15726","0,1786"
2021-12-15 19:13:15,"0,16302","0,11792","0,20689"
2021-12-15 19:13:17,"0,14717","0,10219","0,13832"
2021-12-15 19:13:20,"0,12359","0,10293","0,13753"
2021-12-15 19:13:22,"0,16419","0,10664","0,17233"
2021-12-15 19:13:24,"0,15074","0,10847","0,17305"
2021-12-15 19:13:26,"0,14523","0,11665","0,1767"
2021-12-15 19:13:28,"0,13505","0,12674","0,16078"
2021-12-15 19:13:31,"0,15998","0,10588","0,19128"
2021-12-15 19:13:33,"0,18121","0,10731","0,20026"
2021-12-15 19:13:35,"0,16263","0,10261","0,15697"
2021-12-15 19:13:37,"0,14363","0,12009","0,17456"
2021-12-15 19:13:39,"0,13999","0,12503","0,17292"
2021-12-15 19:13:42,"0,12619","0,09557","0,21121"
2021-12-15 19:13:44,"0,13664","0,12638","0,15548"
2021-12-15 19:13:46,"0,14246","0,13894","0,16869"
2021-12-15 19:13:49,"0,15621","0,11369","0,17013"
2021-12-15 19:13:51,"0,15864","0,10543","0,14873"
2021-12-15 19:13:54,"0,15101","0,12014","0,14172"
2021-12-15 19:13:56,"0,14237","0,12414","0,14"
2021-12-15 19:13:58,"0,10904","0,12579","0,15098"
2021-12-15 19:14:00,"0,15326","0,11834","0,17643"
2021-12-15 19:14:03,"0,14083","0,16953","0,16737"
2021-12-15 19:14:05,"0,13494","0,13613","0,16137"
2021-12-15 19:14:07,"0,18032","0,14566","0,15127"
2021-12-15 19:14:10,"0,15402","0,14046","0,15589"
2021-12-15 19:14:12,"0,15699","0,10863","0,18738"
2021-12-15 19:14:14,"0,12314","0,13297","0,14462"
2021-12-15 19:14:16,"0,21739","0,12319","0,15569"
2021-12-15 19:14:18,"0,15092","0,11412","0,1681"
2021-12-15 19:14:21,"0,17203","0,13193","0,16623"
2021-12-15 19:14:23,"0,15834","0,15007","0,16044"
2021-12-15 19:14:26,"0,11512","0,15507","0,19666"
2021-12-15 19:14:28,"0,19205","0,13084","0,19172"
2021-12-15 19:14:30,"0,17149","0,12043","0,15964"
2021-12-15 19:14:32,"0,17826","0,15234","0,16501"
2021-12-15 19:14:35,"0,14973","0,16224","0,15743"
2021-12-15 19:14:37,"0,1539","0,13227","0,1444"
2021-12-15 19:14:39,"0,16196","0,13508","0,15363"
2021-12-15 19:14:42,"0,15085","0,12562","0,16925"
2021-12-15 19:14:44,"0,14041","0,11226","0,13449"
2021-12-15 19:14:46,"0,16323","0,12119","0,17864"
2021-12-15 19:14:48,"0,16722","0,1101","0,15636"
2021-12-15 19:14:50,"0,15732","0,10495","0,18542"
2021-12-15 19:14:53,"0,17806","0,13034","0,1445"
2021-12-15 19:14:55,"0,141","0,11359","0,15816"
2021-12-15 19:14:58,"0,13706","0,10665","0,13969"
2021-12-15 19:15:01,"0,18003","0,1045","0,16681"
2021-12-15 19:15:03,"0,13035","0,11048","0,19383"
2021-12-15 19:15:06,"0,15903","0,11059","0,14438"
2021-12-15 19:15:08,"0,1668","0,1382","0,14206"
2021-12-15 19:15:10,"0,17368","0,09907","0,13776"
2021-12-15 19:15:12,"0,141","0,10902","0,19034"
2021-12-15 19:15:14,"0,14274","0,12959","0,19275"
2021-12-15 19:15:17,"0,16538","0,11267","0,14038"
2021-12-15 19:15:19,"0,15278","0,16223","0,14954"
2021-12-15 19:15:21,"0,14072","0,12981","0,17495"
2021-12-15 19:15:23,"0,13184","0,14948","0,16009"
2021-12-15 19:15:26,"0,14323","0,12536","0,14952"
2021-12-15 19:15:28,"0,16805","0,13297","0,13812"
2021-12-15 19:15:30,"0,17312","0,10924","0,15628"
2021-12-15 19:15:33,"0,17467","0,12046","0,14692"
2021-12-15 19:15:35,"0,15469","0,10742","0,1683"
2021-12-15 19:15:37,"0,13554","0,11038","0,17092"
2021-12-15 19:15:40,"0,14954","0,14007","0,21778"
2021-12-15 19:15:42,"0,15602","0,12295","0,1764"
2021-12-15 19:15:44,"0,13116","0,1299","0,15826"
2021-12-15 19:15:47,"0,1818","0,10287","0,16286"
2021-12-15 19:15:50,"0,15748","0,12414","0,16017"
2021-12-15 19:15:52,"0,13975","0,14512","0,14723"
2021-12-15 19:15:54,"0,15776","0,1375","0,11843"
2021-12-15 19:15:56,"0,15278","0,09899","0,19184"
2021-12-15 19:15:58,"0,13965","0,11503","0,17541"
2021-12-15 19:16:01,"0,14133","0,10765","0,12357"
2021-12-15 19:16:03,"0,15669","0,12347","0,16247"
2021-12-15 19:16:05,"0,16056","0,11326","0,17163"
2021-12-15 19:16:07,"0,12052","0,13379","0,14531"
2021-12-15 19:16:10,"0,17762","0,1163","0,18677"
2021-12-15 19:16:12,"0,17052","0,15403","0,16537"
2021-12-15 19:16:15,"0,2349","0,24175","0,36552"
2021-12-15 19:16:17,"0,47745","6,00271","0,26672"
2021-12-15 19:16:19,"0,13692","0,1249","0,19092"
2021-12-15 19:16:21,"0,15391","0,13543","0,17546"
2021-12-15 19:16:23,"0,13648","0,15352","0,16039"
2021-12-15 19:16:26,"0,68536","0,16813","0,16316"
2021-12-15 19:16:28,"0,12631","0,10555","0,14951"
2021-12-15 19:16:31,"0,16328","0,10496","0,19486"
2021-12-15 19:16:33,"0,10964","0,12608","0,13465"
2021-12-15 19:16:35,"0,1301","0,11588","0,16274"
2021-12-15 19:16:37,"0,12849","0,14815","0,16622"
2021-12-15 19:16:40,"0,17478","0,09727","0,14808"
2021-12-15 19:16:42,"0,12367","0,13216","0,15598"
2021-12-15 19:16:44,"0,16106","0,11473","0,13668"
2021-12-15 19:16:46,"0,17736","0,15379","0,17094"
2021-12-15 19:16:48,"0,1398","0,13126","0,14472"
2021-12-15 19:16:51,"0,13789","0,12874","0,15757"
2021-12-15 19:16:53,"0,14515","0,10702","0,14656"
2021-12-15 19:16:55,"0,17081","0,0985","0,14315"
2021-12-15 19:16:57,"0,14767","0,12714","0,15344"
2021-12-15 19:17:00,"0,14604","0,13484","0,19554"
2021-12-15 19:17:02,"0,15342","0,11694","0,16202"
2021-12-15 19:17:04,"0,15069","0,15814","0,16093"
2021-12-15 19:17:07,"0,16841","0,12819","0,16643"
2021-12-15 19:17:09,"0,18483","0,12061","0,14488"
2021-12-15 19:17:11,"0,70521","0,13755","0,21992"
2021-12-15 19:17:13,"0,14268","0,11668","0,14783"
2021-12-15 19:17:16,"0,15075","0,13582","0,17527"
2021-12-15 19:17:18,"0,14995","0,12025","0,16805"
2021-12-15 19:17:20,"0,17397","0,12193","0,16224"
2021-12-15 19:17:23,"0,16102","0,12621","0,17269"
2021-12-15 19:17:25,"0,13397","0,11084","0,13683"
2021-12-15 19:17:27,"0,18544","0,14971","0,22685"
2021-12-15 19:17:29,"0,15143","0,14303","0,16042"
2021-12-15 19:17:31,"0,13372","0,0985","0,163"
2021-12-15 19:17:33,"0,15173","0,11262","0,13513"
2021-12-15 19:17:35,"0,21993","0,11873","0,17197"
2021-12-15 19:17:38,"0,1254","0,14446","0,1306"
2021-12-15 19:17:40,"0,18","0,16247","0,16494"
2021-12-15 19:17:42,"0,15535","0,1044","0,17951"
2021-12-15 19:17:44,"0,24529","0,13429","0,20665"
2021-12-15 19:17:47,"0,14866","0,11946","0,13358"
2021-12-15 19:17:49,"0,13175","0,10713","0,1915"
2021-12-15 19:17:51,"0,14329","0,1114","0,17933"
2021-12-15 19:17:53,"0,17546","0,13271","0,14402"
2021-12-15 19:17:55,"0,15503","0,15263","0,18361"
2021-12-15 19:17:58,"0,156","0,10913","0,18894"
2021-12-15 19:18:00,"0,13226","0,13227","0,15192"
2021-12-15 19:18:02,"0,1851","0,11346","0,18581"
2021-12-15 19:18:05,"0,15963","0,13476","0,15518"
2021-12-15 19:18:07,"0,15427","0,10526","0,15158"
2021-12-15 19:18:09,"0,13831","0,10987","0,16956"
2021-12-15 19:18:11,"0,488","0,1821","0,21158"
2021-12-15 19:18:14,"0,13898","0,1395","0,20779"
2021-12-15 19:18:16,"0,14082","0,11419","0,17521"
2021-12-15 19:18:18,"0,23513","0,13484","0,1956"
2021-12-15 19:18:21,"0,3948","4,226","0,20814"
2021-12-15 19:18:23,"0,15638","0,22071","0,16611"
2021-12-15 19:18:25,"0,65849","0,45005","0,74692"
2021-12-15 19:18:27,"0,93996","0,35048","0,64901"
2021-12-15 19:18:29,"0,60009","0,31609","0,28104"
2021-12-15 19:18:31,"0,44588","0,46491","0,74212"
2021-12-15 19:18:33,"0,57271","0,32285","0,32806"
2021-12-15 19:18:36,"1,07831","0,42946","0,58968"
2021-12-15 19:18:38,"0,7299","0,32369","0,24595"
2021-12-15 19:18:40,"0,76873","0,39336","0,59262"
2021-12-15 19:18:42,"0,81635","0,35324","0,37769"
2021-12-15 19:18:44,"0,56604","0,48968","0,79465"
2021-12-15 19:18:47,"0,29891","0,32747","0,62354"
2021-12-15 19:18:49,"0,1872","0,65723","0,1912"
2021-12-15 19:18:51,"0,18367","0,14472","0,17964"
2021-12-15 19:18:54,"0,16325","0,15175","0,20562"
2021-12-15 19:18:56,"0,52767","6,91451","0,18462"
2021-12-15 19:18:58,"0,41594","0,1278","0,14807"
2021-12-15 19:19:01,"0,43729","0,48343","0,96726"
2021-12-15 19:19:03,"1,45702","0,3827","0,79299"
2021-12-15 19:19:06,"0,58507","0,48866","0,73428"
2021-12-15 19:19:08,"0,60907","0,54228","0,78688"
2021-12-15 19:19:10,"0,93469","0,47845","0,50212"
2021-12-15 19:19:12,"1,02496","0,57515","0,88705"
2021-12-15 19:19:15,"0,66988","0,45655","0,71874"
2021-12-15 19:19:17,"1,00575","0,56206","0,90603"
2021-12-15 19:19:19,"0,74104","0,47291","0,62979"
2021-12-15 19:19:22,"0,46197","0,56855","1,00526"
2021-12-15 19:19:24,"0,77756","0,37219","0,48398"
2021-12-15 19:19:26,"0,17972","0,14394","0,22046"
2021-12-15 19:19:28,"0,14888","0,10534","0,17245"
2021-12-15 19:19:31,"0,1746","0,13309","0,14522"
2021-12-15 19:19:33,"0,13958","0,38113","0,18734"
2021-12-15 19:19:35,"0,493","0,34861","0,30188"
2021-12-15 19:19:37,"0,79292","0,38985","0,74955"
2021-12-15 19:19:39,"1,36777","0,48487","0,7026"
2021-12-15 19:19:41,"1,14084","0,41757","0,896"
2021-12-15 19:19:43,"0,54458","0,40459","0,71818"
2021-12-15 19:19:46,"0,77326","0,38805","0,59051"
2021-12-15 19:19:48,"0,80456","0,55328","0,84324"
2021-12-15 19:19:50,"0,74793","0,38101","0,44944"
2021-12-15 19:19:52,"0,59314","0,53274","0,78639"
2021-12-15 19:19:54,"0,56816","0,52841","0,99808"
2021-12-15 19:19:56,"0,35904","0,56913","1,05953"
2021-12-15 19:19:58,"0,51728","0,36363","0,56521"
2021-12-15 19:20:01,"0,19072","0,59727","0,17348"
2021-12-15 19:20:03,"0,18171","0,1153","0,19393"
2021-12-15 19:20:05,"0,33783","0,14214","0,22789"
2021-12-15 19:20:07,"0,13091","0,11802","0,16451"
2021-12-15 19:20:10,"0,29562","0,13756","0,1686"
2021-12-15 19:20:12,"0,78162","0,31108","0,41719"
2021-12-15 19:20:14,"1,17647","0,5739","0,86655"
2021-12-15 19:20:16,"1,36418","0,3246","0,52328"
2021-12-15 19:20:18,"0,86899","0,60138","1,13527"
2021-12-15 19:20:20,"0,93598","0,39959","0,82319"
2021-12-15 19:20:23,"0,90173","0,52994","1,08961"
2021-12-15 19:20:25,"0,70972","0,5133","0,66985"
2021-12-15 19:20:27,"0,73427","0,73952","1,27582"
2021-12-15 19:20:29,"0,93494","0,64206","1,28589"
2021-12-15 19:20:32,"0,70006","0,67926","1,28867"
2021-12-15 19:20:35,"0,2378","0,17189","0,23232"
2021-12-15 19:20:37,"0,15887","0,56233","0,18847"
2021-12-15 19:20:39,"0,22192","0,13962","0,19987"
2021-12-15 19:20:42,"0,15692","0,12914","0,19028"
2021-12-15 19:20:44,"0,59007","9,19802","0,1775"
2021-12-15 19:20:46,"0,14892","0,18422","0,17519"
2021-12-15 19:20:48,"0,71437","0,40024","0,57941"
2021-12-15 19:20:50,"1,31588","0,42293","0,82521"
2021-12-15 19:20:52,"0,78607","0,31565","0,50464"
2021-12-15 19:20:55,"0,74271","0,54322","1,39283"
2021-12-15 19:20:57,"0,56642","0,45308","0,79205"
2021-12-15 19:20:59,"0,9194","0,42833","1,19412"
2021-12-15 19:21:01,"0,65981","0,47803","0,96594"
2021-12-15 19:21:03,"0,82373","0,45823","1,0156"
2021-12-15 19:21:05,"1,09895","0,49615","1,11372"
2021-12-15 19:21:07,"0,74983","0,51368","1,11921"
2021-12-15 19:21:10,"0,75246","0,57594","1,49826"
2021-12-15 19:21:12,"0,66146","0,12568","0,19145"
2021-12-15 19:21:14,"0,35235","5,17603","0,20298"
2021-12-15 19:21:16,"0,23976","0,1662","0,1982"
2021-12-15 19:21:18,"0,15064","0,14438","0,18921"
2021-12-15 19:21:21,"0,46468","0,83195","0,15328"
2021-12-15 19:21:23,"0,9622","0,29535","0,43974"
2021-12-15 19:21:26,"0,48194","0,48354","0,96663"
2021-12-15 19:21:28,"0,45592","0,34875","0,43346"
2021-12-15 19:21:30,"0,48394","0,38079","0,67191"
2021-12-15 19:21:32,"0,94519","0,38695","0,39307"
2021-12-15 19:21:35,"0,67403","0,50898","0,71557"
2021-12-15 19:21:37,"0,61759","0,35206","0,28154"
2021-12-15 19:21:39,"0,53468","0,51395","0,5994"
2021-12-15 19:21:41,"0,77673","0,43815","0,66285"
2021-12-15 19:21:43,"0,41752","0,47259","0,68364"
2021-12-15 19:21:46,"0,43082","0,38987","0,35425"
2021-12-15 19:21:48,"0,18581","0,77317","0,16072"
2021-12-15 19:21:51,"0,13654","0,11057","0,15366"
2021-12-15 19:21:53,"0,19002","0,15046","0,17475"
2021-12-15 19:21:55,"0,77847","10,51318","0,27549"
2021-12-15 19:21:57,"0,35543","0,14932","0,14667"
2021-12-15 19:21:59,"1,66805","0,39147","0,6946"
2021-12-15 19:22:02,"1,1985","0,40839","0,63935"
2021-12-15 19:22:05,"0,56514","0,33601","0,35293"
2021-12-15 19:22:07,"0,4589","0,49313","0,8793"
2021-12-15 19:22:09,"0,55865","0,38782","0,49015"
2021-12-15 19:22:11,"0,90051","0,53097","0,98974"
2021-12-15 19:22:13,"0,46604","0,33094","0,48151"
2021-12-15 19:22:15,"0,50831","0,59733","1,05673"
2021-12-15 19:22:17,"0,86554","0,3949","0,61671"
2021-12-15 19:22:20,"0,40146","0,5269","1,07325"
2021-12-15 19:22:22,"0,78886","0,38536","0,6046"
2021-12-15 19:22:24,"0,18688","0,76761","0,1693"
2021-12-15 19:22:27,"0,17006","0,10363","0,15493"
2021-12-15 19:22:29,"0,15607","0,11388","0,1816"
2021-12-15 19:22:32,"0,64597","7,88905","0,23548"
2021-12-15 19:22:34,"0,21218","0,21151","0,15555"
2021-12-15 19:22:36,"0,56622","0,40845","0,65639"
2021-12-15 19:22:38,"1,62302","0,42705","0,89713"
2021-12-15 19:22:41,"0,69613","0,38266","0,74818"
2021-12-15 19:22:43,"0,89123","0,47389","1,17005"
2021-12-15 19:22:45,"0,76689","0,38338","0,65184"
2021-12-15 19:22:47,"0,93031","0,41442","0,95256"
2021-12-15 19:22:50,"1,00555","0,41991","1,12642"
2021-12-15 19:22:52,"0,87817","0,39028","1,08364"
2021-12-15 19:22:54,"0,7289","0,34245","0,52879"
2021-12-15 19:22:56,"0,6992","0,34694","1,04626"
2021-12-15 19:22:58,"1,16106","0,25038","0,57541"
2021-12-15 19:23:00,"0,17236","0,69538","0,19425"
2021-12-15 19:23:02,"0,22894","0,14675","0,21412"
2021-12-15 19:23:04,"0,23564","0,13548","0,20886"
2021-12-15 19:23:07,"0,38156","5,91486","0,24239"
2021-12-15 19:23:09,"0,35054","0,13524","0,16087"
2021-12-15 19:23:11,"0,97301","0,46407","0,68493"
2021-12-15 19:23:13,"0,9336","0,43451","0,65047"
2021-12-15 19:23:15,"0,63655","0,34726","0,36979"
2021-12-15 19:23:17,"0,59112","0,35134","0,59031"
2021-12-15 19:23:20,"0,52151","0,39897","0,7066"
2021-12-15 19:23:22,"0,65849","0,55142","1,13982"
2021-12-15 19:23:25,"1,07638","0,51587","1,32026"
2021-12-15 19:23:27,"0,46819","0,52821","1,18984"
2021-12-15 19:23:29,"0,50571","0,60913","1,11374"
2021-12-15 19:23:31,"0,65615","0,69366","1,46244"
2021-12-15 19:23:33,"0,8381","0,6518","1,47299"
2021-12-15 19:23:35,"0,54765","5,3075","0,27146"
2021-12-15 19:23:37,"0,18812","0,13936","0,22397"
2021-12-15 19:23:40,"0,15923","0,11279","0,17947"
2021-12-15 19:23:42,"0,17165","0,10822","0,19417"
2021-12-15 19:23:45,"0,33219","0,13795","0,15451"
2021-12-15 19:23:47,"0,7619","0,34625","0,39046"
2021-12-15 19:23:49,"0,64012","0,43207","0,84728"
2021-12-15 19:23:51,"0,74923","0,32502","0,51374"
2021-12-15 19:23:53,"0,47631","0,47108","0,8234"
2021-12-15 19:23:55,"0,84548","0,53893","1,22692"
2021-12-15 19:23:57,"0,90556","0,45554","0,90286"
2021-12-15 19:24:00,"1,05512","0,54481","1,33623"
2021-12-15 19:24:02,"0,63717","0,65438","1,46559"
2021-12-15 19:24:04,"0,97436","0,57525","1,3454"
2021-12-15 19:24:07,"0,71266","0,57977","1,28853"
2021-12-15 19:24:09,"0,7717","0,51551","1,05599"
2021-12-15 19:24:12,"0,36898","2,38452","0,20626"
2021-12-15 19:24:14,"0,21304","0,16805","0,18768"
2021-12-15 19:24:16,"0,3236","0,13304","0,23715"
2021-12-15 19:24:18,"0,18204","0,14004","0,17096"
2021-12-15 19:24:20,"0,16591","0,4731","0,20691"
2021-12-15 19:24:22,"0,33993","0,29368","0,32751"
2021-12-15 19:24:25,"0,60747","0,44706","0,67617"
2021-12-15 19:24:27,"0,73562","0,35883","0,442"
2021-12-15 19:24:29,"0,7831","0,34285","0,534"
2021-12-15 19:24:32,"1,00976","0,37069","0,89689"
2021-12-15 19:24:34,"1,00861","0,45913","1,22143"
2021-12-15 19:24:37,"0,87909","0,35167","0,76476"
2021-12-15 19:24:39,"0,88015","0,51579","1,35511"
